{"timestamp": "2025-11-18T11:33:22.325039Z", "level": "WARNING", "logger": "dotenv.main", "message": "python-dotenv could not parse statement starting at line 15", "module": "main", "function": "with_warn_for_invalid_lines", "line": 27}
{"timestamp": "2025-11-18T11:33:32.341039Z", "level": "WARNING", "logger": "urllib3.connectionpool", "message": "Retrying (Retry(total=0, connect=None, read=None, redirect=0, status=None)) after connection broken by 'ConnectTimeoutError(<urllib3.connection.HTTPConnection object at 0x00000206CFBCE980>, 'Connection to 10.2.1.11 timed out. (connect timeout=10)')': /?", "module": "connectionpool", "function": "urlopen", "line": 868}
{"timestamp": "2025-11-18T11:33:42.350744Z", "level": "WARNING", "logger": "clickhouse_connect.driver.httpclient", "message": "Unexpected Http Driver Exception", "module": "httpclient", "function": "_raw_request", "line": 466}
{"timestamp": "2025-11-18T11:33:42.351753Z", "level": "ERROR", "logger": "root", "message": "ClickHouse connection failed: Error HTTPConnectionPool(host='10.2.1.11', port=8123): Max retries exceeded with url: /? (Caused by ConnectTimeoutError(<urllib3.connection.HTTPConnection object at 0x00000206CFBCEEF0>, 'Connection to 10.2.1.11 timed out. (connect timeout=10)')) executing HTTP request attempt 1 (http://10.2.1.11:8123)", "module": "clickhouse", "function": "_connect", "line": 24}
{"timestamp": "2025-11-19T07:01:47.664120Z", "level": "WARNING", "logger": "urllib3.connectionpool", "message": "Retrying (Retry(total=0, connect=None, read=None, redirect=0, status=None)) after connection broken by 'ConnectTimeoutError(<urllib3.connection.HTTPConnection object at 0x000001D4CBED3B20>, 'Connection to 10.2.1.11 timed out. (connect timeout=10)')': /?", "module": "connectionpool", "function": "urlopen", "line": 868}
{"timestamp": "2025-11-19T07:01:57.669089Z", "level": "WARNING", "logger": "clickhouse_connect.driver.httpclient", "message": "Unexpected Http Driver Exception", "module": "httpclient", "function": "_raw_request", "line": 466}
{"timestamp": "2025-11-19T07:01:57.669614Z", "level": "ERROR", "logger": "root", "message": "ClickHouse connection failed: Error HTTPConnectionPool(host='10.2.1.11', port=8123): Max retries exceeded with url: /? (Caused by ConnectTimeoutError(<urllib3.connection.HTTPConnection object at 0x000001D4CBF20040>, 'Connection to 10.2.1.11 timed out. (connect timeout=10)')) executing HTTP request attempt 1 (http://10.2.1.11:8123)", "module": "clickhouse", "function": "_connect", "line": 24}
{"timestamp": "2025-11-19T07:05:37.851085Z", "level": "INFO", "logger": "root", "message": "Successfully connected to ClickHouse", "module": "clickhouse", "function": "_connect", "line": 21}
{"timestamp": "2025-11-19T07:05:37.853232Z", "level": "ERROR", "logger": "root", "message": "ClickHouse connection failed: name 'client' is not defined", "module": "clickhouse", "function": "_connect", "line": 24}
{"timestamp": "2025-11-19T07:06:28.552579Z", "level": "INFO", "logger": "root", "message": "Loaded 2 allowed users from allowed_users.json", "module": "security", "function": "_load_allowed_users", "line": 46}
{"timestamp": "2025-11-19T07:06:28.571740Z", "level": "INFO", "logger": "root", "message": "Starting AI Analyst bot...", "module": "main", "function": "main", "line": 19}
{"timestamp": "2025-11-19T07:06:28.957372Z", "level": "INFO", "logger": "httpx", "message": "HTTP Request: POST https://api.telegram.org/bot***REMOVED_TELEGRAM_TOKEN***/getMe \"HTTP/1.1 200 OK\"", "module": "_client", "function": "_send_single_request", "line": 1740}
{"timestamp": "2025-11-19T07:06:29.047334Z", "level": "INFO", "logger": "httpx", "message": "HTTP Request: POST https://api.telegram.org/bot***REMOVED_TELEGRAM_TOKEN***/deleteWebhook \"HTTP/1.1 200 OK\"", "module": "_client", "function": "_send_single_request", "line": 1740}
{"timestamp": "2025-11-19T07:06:29.047906Z", "level": "INFO", "logger": "telegram.ext.Application", "message": "Application started", "module": "_application", "function": "start", "line": 633}
{"timestamp": "2025-11-19T07:06:33.418106Z", "level": "INFO", "logger": "httpx", "message": "HTTP Request: POST https://api.telegram.org/bot***REMOVED_TELEGRAM_TOKEN***/getUpdates \"HTTP/1.1 409 Conflict\"", "module": "_client", "function": "_send_single_request", "line": 1740}
{"timestamp": "2025-11-19T07:06:33.419115Z", "level": "ERROR", "logger": "root", "message": "Bot error: Conflict: terminated by other getUpdates request; make sure that only one bot instance is running", "module": "handlers", "function": "error_handler", "line": 102}
{"timestamp": "2025-11-19T07:06:39.115299Z", "level": "INFO", "logger": "httpx", "message": "HTTP Request: POST https://api.telegram.org/bot***REMOVED_TELEGRAM_TOKEN***/getUpdates \"HTTP/1.1 409 Conflict\"", "module": "_client", "function": "_send_single_request", "line": 1740}
{"timestamp": "2025-11-19T07:06:39.116345Z", "level": "ERROR", "logger": "root", "message": "Bot error: Conflict: terminated by other getUpdates request; make sure that only one bot instance is running", "module": "handlers", "function": "error_handler", "line": 102}
{"timestamp": "2025-11-19T07:06:46.078311Z", "level": "INFO", "logger": "httpx", "message": "HTTP Request: POST https://api.telegram.org/bot***REMOVED_TELEGRAM_TOKEN***/getUpdates \"HTTP/1.1 409 Conflict\"", "module": "_client", "function": "_send_single_request", "line": 1740}
{"timestamp": "2025-11-19T07:06:46.079339Z", "level": "ERROR", "logger": "root", "message": "Bot error: Conflict: terminated by other getUpdates request; make sure that only one bot instance is running", "module": "handlers", "function": "error_handler", "line": 102}
{"timestamp": "2025-11-19T07:06:51.908812Z", "level": "INFO", "logger": "httpx", "message": "HTTP Request: POST https://api.telegram.org/bot***REMOVED_TELEGRAM_TOKEN***/getUpdates \"HTTP/1.1 409 Conflict\"", "module": "_client", "function": "_send_single_request", "line": 1740}
{"timestamp": "2025-11-19T07:06:51.909811Z", "level": "ERROR", "logger": "root", "message": "Bot error: Conflict: terminated by other getUpdates request; make sure that only one bot instance is running", "module": "handlers", "function": "error_handler", "line": 102}
{"timestamp": "2025-11-19T07:07:00.831099Z", "level": "INFO", "logger": "httpx", "message": "HTTP Request: POST https://api.telegram.org/bot***REMOVED_TELEGRAM_TOKEN***/getUpdates \"HTTP/1.1 409 Conflict\"", "module": "_client", "function": "_send_single_request", "line": 1740}
{"timestamp": "2025-11-19T07:07:00.832603Z", "level": "ERROR", "logger": "root", "message": "Bot error: Conflict: terminated by other getUpdates request; make sure that only one bot instance is running", "module": "handlers", "function": "error_handler", "line": 102}
{"timestamp": "2025-11-19T07:07:05.560283Z", "level": "ERROR", "logger": "asyncio", "message": "Task was destroyed but it is pending!\ntask: <Task pending name='Application:8234772791:update_fetcher' coro=<Application._update_fetcher() running at C:\\REES46\\AI_agent\\AI-analyst-prod\\.venv\\lib\\site-packages\\telegram\\ext\\_application.py:1228> wait_for=<Future pending cb=[Task.task_wakeup()]>>", "module": "base_events", "function": "default_exception_handler", "line": 1758}
{"timestamp": "2025-11-19T07:07:05.562377Z", "level": "ERROR", "logger": "asyncio", "message": "Task was destroyed but it is pending!\ntask: <Task pending name='Updater:start_polling:polling_task' coro=<network_retry_loop() running at C:\\REES46\\AI_agent\\AI-analyst-prod\\.venv\\lib\\site-packages\\telegram\\ext\\_utils\\networkloop.py:153> wait_for=<Future pending cb=[Task.task_wakeup()]> cb=[Task.task_wakeup()]>", "module": "base_events", "function": "default_exception_handler", "line": 1758}
{"timestamp": "2025-11-19T07:22:49.034998Z", "level": "INFO", "logger": "root", "message": "Loaded 2 allowed users from allowed_users.json", "module": "security", "function": "_load_allowed_users", "line": 46}
{"timestamp": "2025-11-19T07:22:49.051310Z", "level": "INFO", "logger": "root", "message": "Starting AI Analyst bot...", "module": "main", "function": "main", "line": 19}
{"timestamp": "2025-11-19T07:22:49.345429Z", "level": "INFO", "logger": "httpx", "message": "HTTP Request: POST https://api.telegram.org/bot***REMOVED_TELEGRAM_TOKEN***/getMe \"HTTP/1.1 200 OK\"", "module": "_client", "function": "_send_single_request", "line": 1740}
{"timestamp": "2025-11-19T07:22:49.435085Z", "level": "INFO", "logger": "httpx", "message": "HTTP Request: POST https://api.telegram.org/bot***REMOVED_TELEGRAM_TOKEN***/deleteWebhook \"HTTP/1.1 200 OK\"", "module": "_client", "function": "_send_single_request", "line": 1740}
{"timestamp": "2025-11-19T07:22:49.437598Z", "level": "INFO", "logger": "telegram.ext.Application", "message": "Application started", "module": "_application", "function": "start", "line": 633}
{"timestamp": "2025-11-19T07:22:53.808174Z", "level": "INFO", "logger": "httpx", "message": "HTTP Request: POST https://api.telegram.org/bot***REMOVED_TELEGRAM_TOKEN***/getUpdates \"HTTP/1.1 409 Conflict\"", "module": "_client", "function": "_send_single_request", "line": 1740}
{"timestamp": "2025-11-19T07:22:53.808675Z", "level": "ERROR", "logger": "root", "message": "Bot error: Conflict: terminated by other getUpdates request; make sure that only one bot instance is running", "module": "handlers", "function": "error_handler", "line": 102}
{"timestamp": "2025-11-19T07:22:59.519139Z", "level": "INFO", "logger": "httpx", "message": "HTTP Request: POST https://api.telegram.org/bot***REMOVED_TELEGRAM_TOKEN***/getUpdates \"HTTP/1.1 409 Conflict\"", "module": "_client", "function": "_send_single_request", "line": 1740}
{"timestamp": "2025-11-19T07:22:59.520646Z", "level": "ERROR", "logger": "root", "message": "Bot error: Conflict: terminated by other getUpdates request; make sure that only one bot instance is running", "module": "handlers", "function": "error_handler", "line": 102}
{"timestamp": "2025-11-19T07:23:06.473464Z", "level": "INFO", "logger": "httpx", "message": "HTTP Request: POST https://api.telegram.org/bot***REMOVED_TELEGRAM_TOKEN***/getUpdates \"HTTP/1.1 409 Conflict\"", "module": "_client", "function": "_send_single_request", "line": 1740}
{"timestamp": "2025-11-19T07:23:06.474649Z", "level": "ERROR", "logger": "root", "message": "Bot error: Conflict: terminated by other getUpdates request; make sure that only one bot instance is running", "module": "handlers", "function": "error_handler", "line": 102}
{"timestamp": "2025-11-19T07:23:12.311394Z", "level": "INFO", "logger": "httpx", "message": "HTTP Request: POST https://api.telegram.org/bot***REMOVED_TELEGRAM_TOKEN***/getUpdates \"HTTP/1.1 409 Conflict\"", "module": "_client", "function": "_send_single_request", "line": 1740}
{"timestamp": "2025-11-19T07:23:12.313403Z", "level": "ERROR", "logger": "root", "message": "Bot error: Conflict: terminated by other getUpdates request; make sure that only one bot instance is running", "module": "handlers", "function": "error_handler", "line": 102}
{"timestamp": "2025-11-19T07:23:21.235019Z", "level": "INFO", "logger": "httpx", "message": "HTTP Request: POST https://api.telegram.org/bot***REMOVED_TELEGRAM_TOKEN***/getUpdates \"HTTP/1.1 409 Conflict\"", "module": "_client", "function": "_send_single_request", "line": 1740}
{"timestamp": "2025-11-19T07:23:21.237549Z", "level": "ERROR", "logger": "root", "message": "Bot error: Conflict: terminated by other getUpdates request; make sure that only one bot instance is running", "module": "handlers", "function": "error_handler", "line": 102}
{"timestamp": "2025-11-19T07:23:34.579738Z", "level": "INFO", "logger": "httpx", "message": "HTTP Request: POST https://api.telegram.org/bot***REMOVED_TELEGRAM_TOKEN***/getUpdates \"HTTP/1.1 409 Conflict\"", "module": "_client", "function": "_send_single_request", "line": 1740}
{"timestamp": "2025-11-19T07:23:34.581275Z", "level": "ERROR", "logger": "root", "message": "Bot error: Conflict: terminated by other getUpdates request; make sure that only one bot instance is running", "module": "handlers", "function": "error_handler", "line": 102}
{"timestamp": "2025-11-19T07:23:52.458819Z", "level": "INFO", "logger": "httpx", "message": "HTTP Request: POST https://api.telegram.org/bot***REMOVED_TELEGRAM_TOKEN***/getUpdates \"HTTP/1.1 200 OK\"", "module": "_client", "function": "_send_single_request", "line": 1740}
{"timestamp": "2025-11-19T07:23:54.239517Z", "level": "INFO", "logger": "httpx", "message": "HTTP Request: POST https://api.telegram.org/bot***REMOVED_TELEGRAM_TOKEN***/getUpdates \"HTTP/1.1 409 Conflict\"", "module": "_client", "function": "_send_single_request", "line": 1740}
{"timestamp": "2025-11-19T07:23:54.240519Z", "level": "ERROR", "logger": "root", "message": "Bot error: Conflict: terminated by other getUpdates request; make sure that only one bot instance is running", "module": "handlers", "function": "error_handler", "line": 102}
{"timestamp": "2025-11-19T07:23:58.707196Z", "level": "INFO", "logger": "httpx", "message": "HTTP Request: POST https://api.telegram.org/bot***REMOVED_TELEGRAM_TOKEN***/getUpdates \"HTTP/1.1 200 OK\"", "module": "_client", "function": "_send_single_request", "line": 1740}
{"timestamp": "2025-11-19T07:23:58.708209Z", "level": "INFO", "logger": "telegram.ext.Application", "message": "Application is stopping. This might take a moment.", "module": "_application", "function": "stop", "line": 667}
{"timestamp": "2025-11-19T07:23:58.708209Z", "level": "INFO", "logger": "telegram.ext.Application", "message": "Application.stop() complete", "module": "_application", "function": "stop", "line": 703}
{"timestamp": "2025-11-19T07:49:01.893070Z", "level": "INFO", "logger": "root", "message": "Loaded 2 allowed users from allowed_users.json", "module": "security", "function": "_load_allowed_users", "line": 46}
{"timestamp": "2025-11-19T07:49:01.908958Z", "level": "INFO", "logger": "root", "message": "Starting AI Analyst bot...", "module": "main", "function": "main", "line": 19}
{"timestamp": "2025-11-19T07:49:02.218057Z", "level": "INFO", "logger": "httpx", "message": "HTTP Request: POST https://api.telegram.org/bot***REMOVED_TELEGRAM_TOKEN***/getMe \"HTTP/1.1 200 OK\"", "module": "_client", "function": "_send_single_request", "line": 1740}
{"timestamp": "2025-11-19T07:49:02.309833Z", "level": "INFO", "logger": "httpx", "message": "HTTP Request: POST https://api.telegram.org/bot***REMOVED_TELEGRAM_TOKEN***/deleteWebhook \"HTTP/1.1 200 OK\"", "module": "_client", "function": "_send_single_request", "line": 1740}
{"timestamp": "2025-11-19T07:49:02.311871Z", "level": "INFO", "logger": "telegram.ext.Application", "message": "Application started", "module": "_application", "function": "start", "line": 633}
{"timestamp": "2025-11-19T07:49:12.556392Z", "level": "INFO", "logger": "httpx", "message": "HTTP Request: POST https://api.telegram.org/bot***REMOVED_TELEGRAM_TOKEN***/getUpdates \"HTTP/1.1 200 OK\"", "module": "_client", "function": "_send_single_request", "line": 1740}
{"timestamp": "2025-11-19T07:49:22.640148Z", "level": "INFO", "logger": "httpx", "message": "HTTP Request: POST https://api.telegram.org/bot***REMOVED_TELEGRAM_TOKEN***/getUpdates \"HTTP/1.1 200 OK\"", "module": "_client", "function": "_send_single_request", "line": 1740}
{"timestamp": "2025-11-19T07:49:32.721755Z", "level": "INFO", "logger": "httpx", "message": "HTTP Request: POST https://api.telegram.org/bot***REMOVED_TELEGRAM_TOKEN***/getUpdates \"HTTP/1.1 200 OK\"", "module": "_client", "function": "_send_single_request", "line": 1740}
{"timestamp": "2025-11-19T07:49:42.803240Z", "level": "INFO", "logger": "httpx", "message": "HTTP Request: POST https://api.telegram.org/bot***REMOVED_TELEGRAM_TOKEN***/getUpdates \"HTTP/1.1 200 OK\"", "module": "_client", "function": "_send_single_request", "line": 1740}
{"timestamp": "2025-11-19T07:49:52.884188Z", "level": "INFO", "logger": "httpx", "message": "HTTP Request: POST https://api.telegram.org/bot***REMOVED_TELEGRAM_TOKEN***/getUpdates \"HTTP/1.1 200 OK\"", "module": "_client", "function": "_send_single_request", "line": 1740}
{"timestamp": "2025-11-19T07:49:57.064028Z", "level": "INFO", "logger": "httpx", "message": "HTTP Request: POST https://api.telegram.org/bot***REMOVED_TELEGRAM_TOKEN***/getUpdates \"HTTP/1.1 200 OK\"", "module": "_client", "function": "_send_single_request", "line": 1740}
{"timestamp": "2025-11-19T07:49:57.446718Z", "level": "INFO", "logger": "httpx", "message": "HTTP Request: POST https://api.telegram.org/bot***REMOVED_TELEGRAM_TOKEN***/sendMessage \"HTTP/1.1 200 OK\"", "module": "_client", "function": "_send_single_request", "line": 1740}
{"timestamp": "2025-11-19T07:50:07.155307Z", "level": "INFO", "logger": "httpx", "message": "HTTP Request: POST https://api.telegram.org/bot***REMOVED_TELEGRAM_TOKEN***/getUpdates \"HTTP/1.1 200 OK\"", "module": "_client", "function": "_send_single_request", "line": 1740}
{"timestamp": "2025-11-19T07:50:12.364937Z", "level": "INFO", "logger": "httpx", "message": "HTTP Request: POST https://api.telegram.org/bot***REMOVED_TELEGRAM_TOKEN***/getUpdates \"HTTP/1.1 200 OK\"", "module": "_client", "function": "_send_single_request", "line": 1740}
{"timestamp": "2025-11-19T07:50:12.366444Z", "level": "INFO", "logger": "telegram.ext.Application", "message": "Application is stopping. This might take a moment.", "module": "_application", "function": "stop", "line": 667}
{"timestamp": "2025-11-19T07:50:12.367456Z", "level": "INFO", "logger": "telegram.ext.Application", "message": "Application.stop() complete", "module": "_application", "function": "stop", "line": 703}
{"timestamp": "2025-11-19T07:50:38.197550Z", "level": "INFO", "logger": "root", "message": "Loaded 2 allowed users from allowed_users.json", "module": "security", "function": "_load_allowed_users", "line": 46}
{"timestamp": "2025-11-19T07:50:38.212767Z", "level": "INFO", "logger": "root", "message": "Starting AI Analyst bot...", "module": "main", "function": "main", "line": 19}
{"timestamp": "2025-11-19T07:50:38.491354Z", "level": "INFO", "logger": "httpx", "message": "HTTP Request: POST https://api.telegram.org/bot***REMOVED_TELEGRAM_TOKEN***/getMe \"HTTP/1.1 200 OK\"", "module": "_client", "function": "_send_single_request", "line": 1740}
{"timestamp": "2025-11-19T07:50:38.584509Z", "level": "INFO", "logger": "httpx", "message": "HTTP Request: POST https://api.telegram.org/bot***REMOVED_TELEGRAM_TOKEN***/deleteWebhook \"HTTP/1.1 200 OK\"", "module": "_client", "function": "_send_single_request", "line": 1740}
{"timestamp": "2025-11-19T07:50:38.586505Z", "level": "INFO", "logger": "telegram.ext.Application", "message": "Application started", "module": "_application", "function": "start", "line": 633}
{"timestamp": "2025-11-19T07:50:48.852724Z", "level": "INFO", "logger": "httpx", "message": "HTTP Request: POST https://api.telegram.org/bot***REMOVED_TELEGRAM_TOKEN***/getUpdates \"HTTP/1.1 200 OK\"", "module": "_client", "function": "_send_single_request", "line": 1740}
{"timestamp": "2025-11-19T07:50:56.530973Z", "level": "INFO", "logger": "httpx", "message": "HTTP Request: POST https://api.telegram.org/bot***REMOVED_TELEGRAM_TOKEN***/getUpdates \"HTTP/1.1 200 OK\"", "module": "_client", "function": "_send_single_request", "line": 1740}
{"timestamp": "2025-11-19T07:50:56.798632Z", "level": "INFO", "logger": "httpx", "message": "HTTP Request: POST https://api.telegram.org/bot***REMOVED_TELEGRAM_TOKEN***/sendChatAction \"HTTP/1.1 200 OK\"", "module": "_client", "function": "_send_single_request", "line": 1740}
{"timestamp": "2025-11-19T07:50:56.847090Z", "level": "INFO", "logger": "httpx", "message": "HTTP Request: POST https://api.telegram.org/bot***REMOVED_TELEGRAM_TOKEN***/sendMessage \"HTTP/1.1 200 OK\"", "module": "_client", "function": "_send_single_request", "line": 1740}
{"timestamp": "2025-11-19T07:51:06.625657Z", "level": "INFO", "logger": "httpx", "message": "HTTP Request: POST https://api.telegram.org/bot***REMOVED_TELEGRAM_TOKEN***/getUpdates \"HTTP/1.1 200 OK\"", "module": "_client", "function": "_send_single_request", "line": 1740}
{"timestamp": "2025-11-19T07:51:10.029825Z", "level": "INFO", "logger": "httpx", "message": "HTTP Request: POST https://api.telegram.org/bot***REMOVED_TELEGRAM_TOKEN***/getUpdates \"HTTP/1.1 200 OK\"", "module": "_client", "function": "_send_single_request", "line": 1740}
{"timestamp": "2025-11-19T07:51:10.030825Z", "level": "INFO", "logger": "telegram.ext.Application", "message": "Application is stopping. This might take a moment.", "module": "_application", "function": "stop", "line": 667}
{"timestamp": "2025-11-19T07:51:10.031804Z", "level": "INFO", "logger": "telegram.ext.Application", "message": "Application.stop() complete", "module": "_application", "function": "stop", "line": 703}
{"timestamp": "2025-11-19T07:56:27.598970Z", "level": "INFO", "logger": "root", "message": "Successfully connected to ClickHouse", "module": "clickhouse", "function": "_connect", "line": 21}
{"timestamp": "2025-11-19T07:56:27.966435Z", "level": "INFO", "logger": "root", "message": "Loaded 2 allowed users from allowed_users.json", "module": "security", "function": "_load_allowed_users", "line": 46}
{"timestamp": "2025-11-19T07:56:27.995739Z", "level": "INFO", "logger": "root", "message": "Starting AI Analyst bot...", "module": "main", "function": "main", "line": 19}
{"timestamp": "2025-11-19T07:56:28.272444Z", "level": "INFO", "logger": "httpx", "message": "HTTP Request: POST https://api.telegram.org/bot***REMOVED_TELEGRAM_TOKEN***/getMe \"HTTP/1.1 200 OK\"", "module": "_client", "function": "_send_single_request", "line": 1740}
{"timestamp": "2025-11-19T07:56:28.360581Z", "level": "INFO", "logger": "httpx", "message": "HTTP Request: POST https://api.telegram.org/bot***REMOVED_TELEGRAM_TOKEN***/deleteWebhook \"HTTP/1.1 200 OK\"", "module": "_client", "function": "_send_single_request", "line": 1740}
{"timestamp": "2025-11-19T07:56:28.361582Z", "level": "INFO", "logger": "telegram.ext.Application", "message": "Application started", "module": "_application", "function": "start", "line": 633}
{"timestamp": "2025-11-19T07:56:38.627557Z", "level": "INFO", "logger": "httpx", "message": "HTTP Request: POST https://api.telegram.org/bot***REMOVED_TELEGRAM_TOKEN***/getUpdates \"HTTP/1.1 200 OK\"", "module": "_client", "function": "_send_single_request", "line": 1740}
{"timestamp": "2025-11-19T07:56:48.717207Z", "level": "INFO", "logger": "httpx", "message": "HTTP Request: POST https://api.telegram.org/bot***REMOVED_TELEGRAM_TOKEN***/getUpdates \"HTTP/1.1 200 OK\"", "module": "_client", "function": "_send_single_request", "line": 1740}
{"timestamp": "2025-11-19T07:56:51.705617Z", "level": "INFO", "logger": "httpx", "message": "HTTP Request: POST https://api.telegram.org/bot***REMOVED_TELEGRAM_TOKEN***/getUpdates \"HTTP/1.1 200 OK\"", "module": "_client", "function": "_send_single_request", "line": 1740}
{"timestamp": "2025-11-19T07:56:51.710346Z", "level": "ERROR", "logger": "root", "message": "Query processing error: name 'schema_retriever' is not defined", "module": "analyst", "function": "process_query", "line": 184}
{"timestamp": "2025-11-19T07:56:51.996398Z", "level": "INFO", "logger": "httpx", "message": "HTTP Request: POST https://api.telegram.org/bot***REMOVED_TELEGRAM_TOKEN***/sendChatAction \"HTTP/1.1 200 OK\"", "module": "_client", "function": "_send_single_request", "line": 1740}
{"timestamp": "2025-11-19T07:56:52.024670Z", "level": "INFO", "logger": "httpx", "message": "HTTP Request: POST https://api.telegram.org/bot***REMOVED_TELEGRAM_TOKEN***/sendMessage \"HTTP/1.1 200 OK\"", "module": "_client", "function": "_send_single_request", "line": 1740}
{"timestamp": "2025-11-19T07:57:01.799376Z", "level": "INFO", "logger": "httpx", "message": "HTTP Request: POST https://api.telegram.org/bot***REMOVED_TELEGRAM_TOKEN***/getUpdates \"HTTP/1.1 200 OK\"", "module": "_client", "function": "_send_single_request", "line": 1740}
{"timestamp": "2025-11-19T07:57:11.889376Z", "level": "INFO", "logger": "httpx", "message": "HTTP Request: POST https://api.telegram.org/bot***REMOVED_TELEGRAM_TOKEN***/getUpdates \"HTTP/1.1 200 OK\"", "module": "_client", "function": "_send_single_request", "line": 1740}
{"timestamp": "2025-11-19T07:57:21.978920Z", "level": "INFO", "logger": "httpx", "message": "HTTP Request: POST https://api.telegram.org/bot***REMOVED_TELEGRAM_TOKEN***/getUpdates \"HTTP/1.1 200 OK\"", "module": "_client", "function": "_send_single_request", "line": 1740}
{"timestamp": "2025-11-19T07:57:32.068267Z", "level": "INFO", "logger": "httpx", "message": "HTTP Request: POST https://api.telegram.org/bot***REMOVED_TELEGRAM_TOKEN***/getUpdates \"HTTP/1.1 200 OK\"", "module": "_client", "function": "_send_single_request", "line": 1740}
{"timestamp": "2025-11-19T07:57:42.157158Z", "level": "INFO", "logger": "httpx", "message": "HTTP Request: POST https://api.telegram.org/bot***REMOVED_TELEGRAM_TOKEN***/getUpdates \"HTTP/1.1 200 OK\"", "module": "_client", "function": "_send_single_request", "line": 1740}
{"timestamp": "2025-11-19T07:57:52.246435Z", "level": "INFO", "logger": "httpx", "message": "HTTP Request: POST https://api.telegram.org/bot***REMOVED_TELEGRAM_TOKEN***/getUpdates \"HTTP/1.1 200 OK\"", "module": "_client", "function": "_send_single_request", "line": 1740}
{"timestamp": "2025-11-19T07:58:02.335578Z", "level": "INFO", "logger": "httpx", "message": "HTTP Request: POST https://api.telegram.org/bot***REMOVED_TELEGRAM_TOKEN***/getUpdates \"HTTP/1.1 200 OK\"", "module": "_client", "function": "_send_single_request", "line": 1740}
{"timestamp": "2025-11-19T07:58:12.424495Z", "level": "INFO", "logger": "httpx", "message": "HTTP Request: POST https://api.telegram.org/bot***REMOVED_TELEGRAM_TOKEN***/getUpdates \"HTTP/1.1 200 OK\"", "module": "_client", "function": "_send_single_request", "line": 1740}
{"timestamp": "2025-11-19T07:58:22.513661Z", "level": "INFO", "logger": "httpx", "message": "HTTP Request: POST https://api.telegram.org/bot***REMOVED_TELEGRAM_TOKEN***/getUpdates \"HTTP/1.1 200 OK\"", "module": "_client", "function": "_send_single_request", "line": 1740}
{"timestamp": "2025-11-19T07:58:32.604007Z", "level": "INFO", "logger": "httpx", "message": "HTTP Request: POST https://api.telegram.org/bot***REMOVED_TELEGRAM_TOKEN***/getUpdates \"HTTP/1.1 200 OK\"", "module": "_client", "function": "_send_single_request", "line": 1740}
{"timestamp": "2025-11-19T07:58:42.694373Z", "level": "INFO", "logger": "httpx", "message": "HTTP Request: POST https://api.telegram.org/bot***REMOVED_TELEGRAM_TOKEN***/getUpdates \"HTTP/1.1 200 OK\"", "module": "_client", "function": "_send_single_request", "line": 1740}
{"timestamp": "2025-11-19T07:58:52.784382Z", "level": "INFO", "logger": "httpx", "message": "HTTP Request: POST https://api.telegram.org/bot***REMOVED_TELEGRAM_TOKEN***/getUpdates \"HTTP/1.1 200 OK\"", "module": "_client", "function": "_send_single_request", "line": 1740}
{"timestamp": "2025-11-19T07:59:02.873042Z", "level": "INFO", "logger": "httpx", "message": "HTTP Request: POST https://api.telegram.org/bot***REMOVED_TELEGRAM_TOKEN***/getUpdates \"HTTP/1.1 200 OK\"", "module": "_client", "function": "_send_single_request", "line": 1740}
{"timestamp": "2025-11-19T07:59:12.963615Z", "level": "INFO", "logger": "httpx", "message": "HTTP Request: POST https://api.telegram.org/bot***REMOVED_TELEGRAM_TOKEN***/getUpdates \"HTTP/1.1 200 OK\"", "module": "_client", "function": "_send_single_request", "line": 1740}
{"timestamp": "2025-11-19T07:59:23.054281Z", "level": "INFO", "logger": "httpx", "message": "HTTP Request: POST https://api.telegram.org/bot***REMOVED_TELEGRAM_TOKEN***/getUpdates \"HTTP/1.1 200 OK\"", "module": "_client", "function": "_send_single_request", "line": 1740}
{"timestamp": "2025-11-19T07:59:33.143682Z", "level": "INFO", "logger": "httpx", "message": "HTTP Request: POST https://api.telegram.org/bot***REMOVED_TELEGRAM_TOKEN***/getUpdates \"HTTP/1.1 200 OK\"", "module": "_client", "function": "_send_single_request", "line": 1740}
{"timestamp": "2025-11-19T07:59:43.234306Z", "level": "INFO", "logger": "httpx", "message": "HTTP Request: POST https://api.telegram.org/bot***REMOVED_TELEGRAM_TOKEN***/getUpdates \"HTTP/1.1 200 OK\"", "module": "_client", "function": "_send_single_request", "line": 1740}
{"timestamp": "2025-11-19T07:59:53.323263Z", "level": "INFO", "logger": "httpx", "message": "HTTP Request: POST https://api.telegram.org/bot***REMOVED_TELEGRAM_TOKEN***/getUpdates \"HTTP/1.1 200 OK\"", "module": "_client", "function": "_send_single_request", "line": 1740}
{"timestamp": "2025-11-19T08:00:03.413900Z", "level": "INFO", "logger": "httpx", "message": "HTTP Request: POST https://api.telegram.org/bot***REMOVED_TELEGRAM_TOKEN***/getUpdates \"HTTP/1.1 200 OK\"", "module": "_client", "function": "_send_single_request", "line": 1740}
{"timestamp": "2025-11-19T08:00:13.504971Z", "level": "INFO", "logger": "httpx", "message": "HTTP Request: POST https://api.telegram.org/bot***REMOVED_TELEGRAM_TOKEN***/getUpdates \"HTTP/1.1 200 OK\"", "module": "_client", "function": "_send_single_request", "line": 1740}
{"timestamp": "2025-11-19T08:00:23.595274Z", "level": "INFO", "logger": "httpx", "message": "HTTP Request: POST https://api.telegram.org/bot***REMOVED_TELEGRAM_TOKEN***/getUpdates \"HTTP/1.1 200 OK\"", "module": "_client", "function": "_send_single_request", "line": 1740}
{"timestamp": "2025-11-19T08:00:33.685260Z", "level": "INFO", "logger": "httpx", "message": "HTTP Request: POST https://api.telegram.org/bot***REMOVED_TELEGRAM_TOKEN***/getUpdates \"HTTP/1.1 200 OK\"", "module": "_client", "function": "_send_single_request", "line": 1740}
{"timestamp": "2025-11-19T08:00:43.775735Z", "level": "INFO", "logger": "httpx", "message": "HTTP Request: POST https://api.telegram.org/bot***REMOVED_TELEGRAM_TOKEN***/getUpdates \"HTTP/1.1 200 OK\"", "module": "_client", "function": "_send_single_request", "line": 1740}
{"timestamp": "2025-11-19T08:00:53.866976Z", "level": "INFO", "logger": "httpx", "message": "HTTP Request: POST https://api.telegram.org/bot***REMOVED_TELEGRAM_TOKEN***/getUpdates \"HTTP/1.1 200 OK\"", "module": "_client", "function": "_send_single_request", "line": 1740}
{"timestamp": "2025-11-19T08:01:03.957480Z", "level": "INFO", "logger": "httpx", "message": "HTTP Request: POST https://api.telegram.org/bot***REMOVED_TELEGRAM_TOKEN***/getUpdates \"HTTP/1.1 200 OK\"", "module": "_client", "function": "_send_single_request", "line": 1740}
{"timestamp": "2025-11-19T08:01:14.047314Z", "level": "INFO", "logger": "httpx", "message": "HTTP Request: POST https://api.telegram.org/bot***REMOVED_TELEGRAM_TOKEN***/getUpdates \"HTTP/1.1 200 OK\"", "module": "_client", "function": "_send_single_request", "line": 1740}
{"timestamp": "2025-11-19T08:01:24.136499Z", "level": "INFO", "logger": "httpx", "message": "HTTP Request: POST https://api.telegram.org/bot***REMOVED_TELEGRAM_TOKEN***/getUpdates \"HTTP/1.1 200 OK\"", "module": "_client", "function": "_send_single_request", "line": 1740}
{"timestamp": "2025-11-19T08:01:34.226440Z", "level": "INFO", "logger": "httpx", "message": "HTTP Request: POST https://api.telegram.org/bot***REMOVED_TELEGRAM_TOKEN***/getUpdates \"HTTP/1.1 200 OK\"", "module": "_client", "function": "_send_single_request", "line": 1740}
{"timestamp": "2025-11-19T08:01:44.315029Z", "level": "INFO", "logger": "httpx", "message": "HTTP Request: POST https://api.telegram.org/bot***REMOVED_TELEGRAM_TOKEN***/getUpdates \"HTTP/1.1 200 OK\"", "module": "_client", "function": "_send_single_request", "line": 1740}
{"timestamp": "2025-11-19T08:01:54.406347Z", "level": "INFO", "logger": "httpx", "message": "HTTP Request: POST https://api.telegram.org/bot***REMOVED_TELEGRAM_TOKEN***/getUpdates \"HTTP/1.1 200 OK\"", "module": "_client", "function": "_send_single_request", "line": 1740}
{"timestamp": "2025-11-19T08:02:04.496525Z", "level": "INFO", "logger": "httpx", "message": "HTTP Request: POST https://api.telegram.org/bot***REMOVED_TELEGRAM_TOKEN***/getUpdates \"HTTP/1.1 200 OK\"", "module": "_client", "function": "_send_single_request", "line": 1740}
{"timestamp": "2025-11-19T08:02:14.586659Z", "level": "INFO", "logger": "httpx", "message": "HTTP Request: POST https://api.telegram.org/bot***REMOVED_TELEGRAM_TOKEN***/getUpdates \"HTTP/1.1 200 OK\"", "module": "_client", "function": "_send_single_request", "line": 1740}
{"timestamp": "2025-11-19T08:02:24.676383Z", "level": "INFO", "logger": "httpx", "message": "HTTP Request: POST https://api.telegram.org/bot***REMOVED_TELEGRAM_TOKEN***/getUpdates \"HTTP/1.1 200 OK\"", "module": "_client", "function": "_send_single_request", "line": 1740}
{"timestamp": "2025-11-19T08:02:34.765321Z", "level": "INFO", "logger": "httpx", "message": "HTTP Request: POST https://api.telegram.org/bot***REMOVED_TELEGRAM_TOKEN***/getUpdates \"HTTP/1.1 200 OK\"", "module": "_client", "function": "_send_single_request", "line": 1740}
{"timestamp": "2025-11-19T08:02:44.856447Z", "level": "INFO", "logger": "httpx", "message": "HTTP Request: POST https://api.telegram.org/bot***REMOVED_TELEGRAM_TOKEN***/getUpdates \"HTTP/1.1 200 OK\"", "module": "_client", "function": "_send_single_request", "line": 1740}
{"timestamp": "2025-11-19T08:02:54.945041Z", "level": "INFO", "logger": "httpx", "message": "HTTP Request: POST https://api.telegram.org/bot***REMOVED_TELEGRAM_TOKEN***/getUpdates \"HTTP/1.1 200 OK\"", "module": "_client", "function": "_send_single_request", "line": 1740}
{"timestamp": "2025-11-19T08:03:05.035248Z", "level": "INFO", "logger": "httpx", "message": "HTTP Request: POST https://api.telegram.org/bot***REMOVED_TELEGRAM_TOKEN***/getUpdates \"HTTP/1.1 200 OK\"", "module": "_client", "function": "_send_single_request", "line": 1740}
{"timestamp": "2025-11-19T08:03:15.124904Z", "level": "INFO", "logger": "httpx", "message": "HTTP Request: POST https://api.telegram.org/bot***REMOVED_TELEGRAM_TOKEN***/getUpdates \"HTTP/1.1 200 OK\"", "module": "_client", "function": "_send_single_request", "line": 1740}
{"timestamp": "2025-11-19T08:03:25.214464Z", "level": "INFO", "logger": "httpx", "message": "HTTP Request: POST https://api.telegram.org/bot***REMOVED_TELEGRAM_TOKEN***/getUpdates \"HTTP/1.1 200 OK\"", "module": "_client", "function": "_send_single_request", "line": 1740}
{"timestamp": "2025-11-19T08:03:35.304940Z", "level": "INFO", "logger": "httpx", "message": "HTTP Request: POST https://api.telegram.org/bot***REMOVED_TELEGRAM_TOKEN***/getUpdates \"HTTP/1.1 200 OK\"", "module": "_client", "function": "_send_single_request", "line": 1740}
{"timestamp": "2025-11-19T08:03:45.394388Z", "level": "INFO", "logger": "httpx", "message": "HTTP Request: POST https://api.telegram.org/bot***REMOVED_TELEGRAM_TOKEN***/getUpdates \"HTTP/1.1 200 OK\"", "module": "_client", "function": "_send_single_request", "line": 1740}
{"timestamp": "2025-11-19T08:03:55.483727Z", "level": "INFO", "logger": "httpx", "message": "HTTP Request: POST https://api.telegram.org/bot***REMOVED_TELEGRAM_TOKEN***/getUpdates \"HTTP/1.1 200 OK\"", "module": "_client", "function": "_send_single_request", "line": 1740}
{"timestamp": "2025-11-19T08:04:05.573839Z", "level": "INFO", "logger": "httpx", "message": "HTTP Request: POST https://api.telegram.org/bot***REMOVED_TELEGRAM_TOKEN***/getUpdates \"HTTP/1.1 200 OK\"", "module": "_client", "function": "_send_single_request", "line": 1740}
{"timestamp": "2025-11-19T08:04:15.663957Z", "level": "INFO", "logger": "httpx", "message": "HTTP Request: POST https://api.telegram.org/bot***REMOVED_TELEGRAM_TOKEN***/getUpdates \"HTTP/1.1 200 OK\"", "module": "_client", "function": "_send_single_request", "line": 1740}
{"timestamp": "2025-11-19T08:04:25.754309Z", "level": "INFO", "logger": "httpx", "message": "HTTP Request: POST https://api.telegram.org/bot***REMOVED_TELEGRAM_TOKEN***/getUpdates \"HTTP/1.1 200 OK\"", "module": "_client", "function": "_send_single_request", "line": 1740}
{"timestamp": "2025-11-19T08:04:35.844392Z", "level": "INFO", "logger": "httpx", "message": "HTTP Request: POST https://api.telegram.org/bot***REMOVED_TELEGRAM_TOKEN***/getUpdates \"HTTP/1.1 200 OK\"", "module": "_client", "function": "_send_single_request", "line": 1740}
{"timestamp": "2025-11-19T08:04:45.934022Z", "level": "INFO", "logger": "httpx", "message": "HTTP Request: POST https://api.telegram.org/bot***REMOVED_TELEGRAM_TOKEN***/getUpdates \"HTTP/1.1 200 OK\"", "module": "_client", "function": "_send_single_request", "line": 1740}
{"timestamp": "2025-11-19T08:04:56.024686Z", "level": "INFO", "logger": "httpx", "message": "HTTP Request: POST https://api.telegram.org/bot***REMOVED_TELEGRAM_TOKEN***/getUpdates \"HTTP/1.1 200 OK\"", "module": "_client", "function": "_send_single_request", "line": 1740}
{"timestamp": "2025-11-19T08:05:06.115002Z", "level": "INFO", "logger": "httpx", "message": "HTTP Request: POST https://api.telegram.org/bot***REMOVED_TELEGRAM_TOKEN***/getUpdates \"HTTP/1.1 200 OK\"", "module": "_client", "function": "_send_single_request", "line": 1740}
{"timestamp": "2025-11-19T08:05:16.204700Z", "level": "INFO", "logger": "httpx", "message": "HTTP Request: POST https://api.telegram.org/bot***REMOVED_TELEGRAM_TOKEN***/getUpdates \"HTTP/1.1 200 OK\"", "module": "_client", "function": "_send_single_request", "line": 1740}
{"timestamp": "2025-11-19T08:05:26.295646Z", "level": "INFO", "logger": "httpx", "message": "HTTP Request: POST https://api.telegram.org/bot***REMOVED_TELEGRAM_TOKEN***/getUpdates \"HTTP/1.1 200 OK\"", "module": "_client", "function": "_send_single_request", "line": 1740}
{"timestamp": "2025-11-19T08:05:36.385344Z", "level": "INFO", "logger": "httpx", "message": "HTTP Request: POST https://api.telegram.org/bot***REMOVED_TELEGRAM_TOKEN***/getUpdates \"HTTP/1.1 200 OK\"", "module": "_client", "function": "_send_single_request", "line": 1740}
{"timestamp": "2025-11-19T08:05:46.474880Z", "level": "INFO", "logger": "httpx", "message": "HTTP Request: POST https://api.telegram.org/bot***REMOVED_TELEGRAM_TOKEN***/getUpdates \"HTTP/1.1 200 OK\"", "module": "_client", "function": "_send_single_request", "line": 1740}
{"timestamp": "2025-11-19T08:05:56.564836Z", "level": "INFO", "logger": "httpx", "message": "HTTP Request: POST https://api.telegram.org/bot***REMOVED_TELEGRAM_TOKEN***/getUpdates \"HTTP/1.1 200 OK\"", "module": "_client", "function": "_send_single_request", "line": 1740}
{"timestamp": "2025-11-19T08:06:06.654639Z", "level": "INFO", "logger": "httpx", "message": "HTTP Request: POST https://api.telegram.org/bot***REMOVED_TELEGRAM_TOKEN***/getUpdates \"HTTP/1.1 200 OK\"", "module": "_client", "function": "_send_single_request", "line": 1740}
{"timestamp": "2025-11-19T08:06:16.745355Z", "level": "INFO", "logger": "httpx", "message": "HTTP Request: POST https://api.telegram.org/bot***REMOVED_TELEGRAM_TOKEN***/getUpdates \"HTTP/1.1 200 OK\"", "module": "_client", "function": "_send_single_request", "line": 1740}
{"timestamp": "2025-11-19T08:06:26.834207Z", "level": "INFO", "logger": "httpx", "message": "HTTP Request: POST https://api.telegram.org/bot***REMOVED_TELEGRAM_TOKEN***/getUpdates \"HTTP/1.1 200 OK\"", "module": "_client", "function": "_send_single_request", "line": 1740}
{"timestamp": "2025-11-19T08:06:36.924822Z", "level": "INFO", "logger": "httpx", "message": "HTTP Request: POST https://api.telegram.org/bot***REMOVED_TELEGRAM_TOKEN***/getUpdates \"HTTP/1.1 200 OK\"", "module": "_client", "function": "_send_single_request", "line": 1740}
{"timestamp": "2025-11-19T08:06:47.015772Z", "level": "INFO", "logger": "httpx", "message": "HTTP Request: POST https://api.telegram.org/bot***REMOVED_TELEGRAM_TOKEN***/getUpdates \"HTTP/1.1 200 OK\"", "module": "_client", "function": "_send_single_request", "line": 1740}
{"timestamp": "2025-11-19T08:06:57.105144Z", "level": "INFO", "logger": "httpx", "message": "HTTP Request: POST https://api.telegram.org/bot***REMOVED_TELEGRAM_TOKEN***/getUpdates \"HTTP/1.1 200 OK\"", "module": "_client", "function": "_send_single_request", "line": 1740}
{"timestamp": "2025-11-19T08:07:07.196624Z", "level": "INFO", "logger": "httpx", "message": "HTTP Request: POST https://api.telegram.org/bot***REMOVED_TELEGRAM_TOKEN***/getUpdates \"HTTP/1.1 200 OK\"", "module": "_client", "function": "_send_single_request", "line": 1740}
{"timestamp": "2025-11-19T08:07:17.286397Z", "level": "INFO", "logger": "httpx", "message": "HTTP Request: POST https://api.telegram.org/bot***REMOVED_TELEGRAM_TOKEN***/getUpdates \"HTTP/1.1 200 OK\"", "module": "_client", "function": "_send_single_request", "line": 1740}
{"timestamp": "2025-11-19T08:07:27.375741Z", "level": "INFO", "logger": "httpx", "message": "HTTP Request: POST https://api.telegram.org/bot***REMOVED_TELEGRAM_TOKEN***/getUpdates \"HTTP/1.1 200 OK\"", "module": "_client", "function": "_send_single_request", "line": 1740}
{"timestamp": "2025-11-19T08:07:37.466334Z", "level": "INFO", "logger": "httpx", "message": "HTTP Request: POST https://api.telegram.org/bot***REMOVED_TELEGRAM_TOKEN***/getUpdates \"HTTP/1.1 200 OK\"", "module": "_client", "function": "_send_single_request", "line": 1740}
{"timestamp": "2025-11-19T08:07:47.556705Z", "level": "INFO", "logger": "httpx", "message": "HTTP Request: POST https://api.telegram.org/bot***REMOVED_TELEGRAM_TOKEN***/getUpdates \"HTTP/1.1 200 OK\"", "module": "_client", "function": "_send_single_request", "line": 1740}
{"timestamp": "2025-11-19T08:07:57.647202Z", "level": "INFO", "logger": "httpx", "message": "HTTP Request: POST https://api.telegram.org/bot***REMOVED_TELEGRAM_TOKEN***/getUpdates \"HTTP/1.1 200 OK\"", "module": "_client", "function": "_send_single_request", "line": 1740}
{"timestamp": "2025-11-19T08:08:07.736381Z", "level": "INFO", "logger": "httpx", "message": "HTTP Request: POST https://api.telegram.org/bot***REMOVED_TELEGRAM_TOKEN***/getUpdates \"HTTP/1.1 200 OK\"", "module": "_client", "function": "_send_single_request", "line": 1740}
{"timestamp": "2025-11-19T08:08:17.826580Z", "level": "INFO", "logger": "httpx", "message": "HTTP Request: POST https://api.telegram.org/bot***REMOVED_TELEGRAM_TOKEN***/getUpdates \"HTTP/1.1 200 OK\"", "module": "_client", "function": "_send_single_request", "line": 1740}
{"timestamp": "2025-11-19T08:08:27.916624Z", "level": "INFO", "logger": "httpx", "message": "HTTP Request: POST https://api.telegram.org/bot***REMOVED_TELEGRAM_TOKEN***/getUpdates \"HTTP/1.1 200 OK\"", "module": "_client", "function": "_send_single_request", "line": 1740}
{"timestamp": "2025-11-19T08:08:38.006341Z", "level": "INFO", "logger": "httpx", "message": "HTTP Request: POST https://api.telegram.org/bot***REMOVED_TELEGRAM_TOKEN***/getUpdates \"HTTP/1.1 200 OK\"", "module": "_client", "function": "_send_single_request", "line": 1740}
{"timestamp": "2025-11-19T08:08:48.096757Z", "level": "INFO", "logger": "httpx", "message": "HTTP Request: POST https://api.telegram.org/bot***REMOVED_TELEGRAM_TOKEN***/getUpdates \"HTTP/1.1 200 OK\"", "module": "_client", "function": "_send_single_request", "line": 1740}
{"timestamp": "2025-11-19T08:08:58.187583Z", "level": "INFO", "logger": "httpx", "message": "HTTP Request: POST https://api.telegram.org/bot***REMOVED_TELEGRAM_TOKEN***/getUpdates \"HTTP/1.1 200 OK\"", "module": "_client", "function": "_send_single_request", "line": 1740}
{"timestamp": "2025-11-19T08:09:08.277365Z", "level": "INFO", "logger": "httpx", "message": "HTTP Request: POST https://api.telegram.org/bot***REMOVED_TELEGRAM_TOKEN***/getUpdates \"HTTP/1.1 200 OK\"", "module": "_client", "function": "_send_single_request", "line": 1740}
{"timestamp": "2025-11-19T08:09:18.366320Z", "level": "INFO", "logger": "httpx", "message": "HTTP Request: POST https://api.telegram.org/bot***REMOVED_TELEGRAM_TOKEN***/getUpdates \"HTTP/1.1 200 OK\"", "module": "_client", "function": "_send_single_request", "line": 1740}
{"timestamp": "2025-11-19T08:09:28.456400Z", "level": "INFO", "logger": "httpx", "message": "HTTP Request: POST https://api.telegram.org/bot***REMOVED_TELEGRAM_TOKEN***/getUpdates \"HTTP/1.1 200 OK\"", "module": "_client", "function": "_send_single_request", "line": 1740}
{"timestamp": "2025-11-19T08:09:38.546375Z", "level": "INFO", "logger": "httpx", "message": "HTTP Request: POST https://api.telegram.org/bot***REMOVED_TELEGRAM_TOKEN***/getUpdates \"HTTP/1.1 200 OK\"", "module": "_client", "function": "_send_single_request", "line": 1740}
{"timestamp": "2025-11-19T08:09:48.635823Z", "level": "INFO", "logger": "httpx", "message": "HTTP Request: POST https://api.telegram.org/bot***REMOVED_TELEGRAM_TOKEN***/getUpdates \"HTTP/1.1 200 OK\"", "module": "_client", "function": "_send_single_request", "line": 1740}
{"timestamp": "2025-11-19T08:09:58.725154Z", "level": "INFO", "logger": "httpx", "message": "HTTP Request: POST https://api.telegram.org/bot***REMOVED_TELEGRAM_TOKEN***/getUpdates \"HTTP/1.1 200 OK\"", "module": "_client", "function": "_send_single_request", "line": 1740}
{"timestamp": "2025-11-19T08:10:08.815356Z", "level": "INFO", "logger": "httpx", "message": "HTTP Request: POST https://api.telegram.org/bot***REMOVED_TELEGRAM_TOKEN***/getUpdates \"HTTP/1.1 200 OK\"", "module": "_client", "function": "_send_single_request", "line": 1740}
{"timestamp": "2025-11-19T08:10:18.905109Z", "level": "INFO", "logger": "httpx", "message": "HTTP Request: POST https://api.telegram.org/bot***REMOVED_TELEGRAM_TOKEN***/getUpdates \"HTTP/1.1 200 OK\"", "module": "_client", "function": "_send_single_request", "line": 1740}
{"timestamp": "2025-11-19T08:10:28.994493Z", "level": "INFO", "logger": "httpx", "message": "HTTP Request: POST https://api.telegram.org/bot***REMOVED_TELEGRAM_TOKEN***/getUpdates \"HTTP/1.1 200 OK\"", "module": "_client", "function": "_send_single_request", "line": 1740}
{"timestamp": "2025-11-19T08:10:39.083518Z", "level": "INFO", "logger": "httpx", "message": "HTTP Request: POST https://api.telegram.org/bot***REMOVED_TELEGRAM_TOKEN***/getUpdates \"HTTP/1.1 200 OK\"", "module": "_client", "function": "_send_single_request", "line": 1740}
{"timestamp": "2025-11-19T08:10:49.174468Z", "level": "INFO", "logger": "httpx", "message": "HTTP Request: POST https://api.telegram.org/bot***REMOVED_TELEGRAM_TOKEN***/getUpdates \"HTTP/1.1 200 OK\"", "module": "_client", "function": "_send_single_request", "line": 1740}
{"timestamp": "2025-11-19T08:10:59.264122Z", "level": "INFO", "logger": "httpx", "message": "HTTP Request: POST https://api.telegram.org/bot***REMOVED_TELEGRAM_TOKEN***/getUpdates \"HTTP/1.1 200 OK\"", "module": "_client", "function": "_send_single_request", "line": 1740}
{"timestamp": "2025-11-19T08:11:09.354830Z", "level": "INFO", "logger": "httpx", "message": "HTTP Request: POST https://api.telegram.org/bot***REMOVED_TELEGRAM_TOKEN***/getUpdates \"HTTP/1.1 200 OK\"", "module": "_client", "function": "_send_single_request", "line": 1740}
{"timestamp": "2025-11-19T08:11:19.444067Z", "level": "INFO", "logger": "httpx", "message": "HTTP Request: POST https://api.telegram.org/bot***REMOVED_TELEGRAM_TOKEN***/getUpdates \"HTTP/1.1 200 OK\"", "module": "_client", "function": "_send_single_request", "line": 1740}
{"timestamp": "2025-11-19T08:11:29.534771Z", "level": "INFO", "logger": "httpx", "message": "HTTP Request: POST https://api.telegram.org/bot***REMOVED_TELEGRAM_TOKEN***/getUpdates \"HTTP/1.1 200 OK\"", "module": "_client", "function": "_send_single_request", "line": 1740}
{"timestamp": "2025-11-19T08:11:39.624965Z", "level": "INFO", "logger": "httpx", "message": "HTTP Request: POST https://api.telegram.org/bot***REMOVED_TELEGRAM_TOKEN***/getUpdates \"HTTP/1.1 200 OK\"", "module": "_client", "function": "_send_single_request", "line": 1740}
{"timestamp": "2025-11-19T08:11:49.714802Z", "level": "INFO", "logger": "httpx", "message": "HTTP Request: POST https://api.telegram.org/bot***REMOVED_TELEGRAM_TOKEN***/getUpdates \"HTTP/1.1 200 OK\"", "module": "_client", "function": "_send_single_request", "line": 1740}
{"timestamp": "2025-11-19T08:11:59.805049Z", "level": "INFO", "logger": "httpx", "message": "HTTP Request: POST https://api.telegram.org/bot***REMOVED_TELEGRAM_TOKEN***/getUpdates \"HTTP/1.1 200 OK\"", "module": "_client", "function": "_send_single_request", "line": 1740}
{"timestamp": "2025-11-19T08:12:09.895744Z", "level": "INFO", "logger": "httpx", "message": "HTTP Request: POST https://api.telegram.org/bot***REMOVED_TELEGRAM_TOKEN***/getUpdates \"HTTP/1.1 200 OK\"", "module": "_client", "function": "_send_single_request", "line": 1740}
{"timestamp": "2025-11-19T08:12:19.985311Z", "level": "INFO", "logger": "httpx", "message": "HTTP Request: POST https://api.telegram.org/bot***REMOVED_TELEGRAM_TOKEN***/getUpdates \"HTTP/1.1 200 OK\"", "module": "_client", "function": "_send_single_request", "line": 1740}
{"timestamp": "2025-11-19T08:12:30.074826Z", "level": "INFO", "logger": "httpx", "message": "HTTP Request: POST https://api.telegram.org/bot***REMOVED_TELEGRAM_TOKEN***/getUpdates \"HTTP/1.1 200 OK\"", "module": "_client", "function": "_send_single_request", "line": 1740}
{"timestamp": "2025-11-19T08:12:40.163898Z", "level": "INFO", "logger": "httpx", "message": "HTTP Request: POST https://api.telegram.org/bot***REMOVED_TELEGRAM_TOKEN***/getUpdates \"HTTP/1.1 200 OK\"", "module": "_client", "function": "_send_single_request", "line": 1740}
{"timestamp": "2025-11-19T08:12:50.253967Z", "level": "INFO", "logger": "httpx", "message": "HTTP Request: POST https://api.telegram.org/bot***REMOVED_TELEGRAM_TOKEN***/getUpdates \"HTTP/1.1 200 OK\"", "module": "_client", "function": "_send_single_request", "line": 1740}
{"timestamp": "2025-11-19T08:13:00.343228Z", "level": "INFO", "logger": "httpx", "message": "HTTP Request: POST https://api.telegram.org/bot***REMOVED_TELEGRAM_TOKEN***/getUpdates \"HTTP/1.1 200 OK\"", "module": "_client", "function": "_send_single_request", "line": 1740}
{"timestamp": "2025-11-19T08:13:10.434138Z", "level": "INFO", "logger": "httpx", "message": "HTTP Request: POST https://api.telegram.org/bot***REMOVED_TELEGRAM_TOKEN***/getUpdates \"HTTP/1.1 200 OK\"", "module": "_client", "function": "_send_single_request", "line": 1740}
{"timestamp": "2025-11-19T08:13:20.706751Z", "level": "INFO", "logger": "httpx", "message": "HTTP Request: POST https://api.telegram.org/bot***REMOVED_TELEGRAM_TOKEN***/getUpdates \"HTTP/1.1 200 OK\"", "module": "_client", "function": "_send_single_request", "line": 1740}
{"timestamp": "2025-11-19T08:13:30.797648Z", "level": "INFO", "logger": "httpx", "message": "HTTP Request: POST https://api.telegram.org/bot***REMOVED_TELEGRAM_TOKEN***/getUpdates \"HTTP/1.1 200 OK\"", "module": "_client", "function": "_send_single_request", "line": 1740}
{"timestamp": "2025-11-19T08:13:40.904905Z", "level": "INFO", "logger": "httpx", "message": "HTTP Request: POST https://api.telegram.org/bot***REMOVED_TELEGRAM_TOKEN***/getUpdates \"HTTP/1.1 200 OK\"", "module": "_client", "function": "_send_single_request", "line": 1740}
{"timestamp": "2025-11-19T08:13:50.995818Z", "level": "INFO", "logger": "httpx", "message": "HTTP Request: POST https://api.telegram.org/bot***REMOVED_TELEGRAM_TOKEN***/getUpdates \"HTTP/1.1 200 OK\"", "module": "_client", "function": "_send_single_request", "line": 1740}
{"timestamp": "2025-11-19T08:14:01.087346Z", "level": "INFO", "logger": "httpx", "message": "HTTP Request: POST https://api.telegram.org/bot***REMOVED_TELEGRAM_TOKEN***/getUpdates \"HTTP/1.1 200 OK\"", "module": "_client", "function": "_send_single_request", "line": 1740}
{"timestamp": "2025-11-19T08:14:11.180376Z", "level": "INFO", "logger": "httpx", "message": "HTTP Request: POST https://api.telegram.org/bot***REMOVED_TELEGRAM_TOKEN***/getUpdates \"HTTP/1.1 200 OK\"", "module": "_client", "function": "_send_single_request", "line": 1740}
{"timestamp": "2025-11-19T08:14:21.271319Z", "level": "INFO", "logger": "httpx", "message": "HTTP Request: POST https://api.telegram.org/bot***REMOVED_TELEGRAM_TOKEN***/getUpdates \"HTTP/1.1 200 OK\"", "module": "_client", "function": "_send_single_request", "line": 1740}
{"timestamp": "2025-11-19T08:14:31.361740Z", "level": "INFO", "logger": "httpx", "message": "HTTP Request: POST https://api.telegram.org/bot***REMOVED_TELEGRAM_TOKEN***/getUpdates \"HTTP/1.1 200 OK\"", "module": "_client", "function": "_send_single_request", "line": 1740}
{"timestamp": "2025-11-19T08:14:41.455030Z", "level": "INFO", "logger": "httpx", "message": "HTTP Request: POST https://api.telegram.org/bot***REMOVED_TELEGRAM_TOKEN***/getUpdates \"HTTP/1.1 200 OK\"", "module": "_client", "function": "_send_single_request", "line": 1740}
{"timestamp": "2025-11-19T08:14:51.545713Z", "level": "INFO", "logger": "httpx", "message": "HTTP Request: POST https://api.telegram.org/bot***REMOVED_TELEGRAM_TOKEN***/getUpdates \"HTTP/1.1 200 OK\"", "module": "_client", "function": "_send_single_request", "line": 1740}
{"timestamp": "2025-11-19T08:15:01.635672Z", "level": "INFO", "logger": "httpx", "message": "HTTP Request: POST https://api.telegram.org/bot***REMOVED_TELEGRAM_TOKEN***/getUpdates \"HTTP/1.1 200 OK\"", "module": "_client", "function": "_send_single_request", "line": 1740}
{"timestamp": "2025-11-19T08:15:11.728971Z", "level": "INFO", "logger": "httpx", "message": "HTTP Request: POST https://api.telegram.org/bot***REMOVED_TELEGRAM_TOKEN***/getUpdates \"HTTP/1.1 200 OK\"", "module": "_client", "function": "_send_single_request", "line": 1740}
{"timestamp": "2025-11-19T08:15:21.821138Z", "level": "INFO", "logger": "httpx", "message": "HTTP Request: POST https://api.telegram.org/bot***REMOVED_TELEGRAM_TOKEN***/getUpdates \"HTTP/1.1 200 OK\"", "module": "_client", "function": "_send_single_request", "line": 1740}
{"timestamp": "2025-11-19T08:15:31.912129Z", "level": "INFO", "logger": "httpx", "message": "HTTP Request: POST https://api.telegram.org/bot***REMOVED_TELEGRAM_TOKEN***/getUpdates \"HTTP/1.1 200 OK\"", "module": "_client", "function": "_send_single_request", "line": 1740}
{"timestamp": "2025-11-19T08:15:42.002828Z", "level": "INFO", "logger": "httpx", "message": "HTTP Request: POST https://api.telegram.org/bot***REMOVED_TELEGRAM_TOKEN***/getUpdates \"HTTP/1.1 200 OK\"", "module": "_client", "function": "_send_single_request", "line": 1740}
{"timestamp": "2025-11-19T08:15:52.092495Z", "level": "INFO", "logger": "httpx", "message": "HTTP Request: POST https://api.telegram.org/bot***REMOVED_TELEGRAM_TOKEN***/getUpdates \"HTTP/1.1 200 OK\"", "module": "_client", "function": "_send_single_request", "line": 1740}
{"timestamp": "2025-11-19T08:16:02.184785Z", "level": "INFO", "logger": "httpx", "message": "HTTP Request: POST https://api.telegram.org/bot***REMOVED_TELEGRAM_TOKEN***/getUpdates \"HTTP/1.1 200 OK\"", "module": "_client", "function": "_send_single_request", "line": 1740}
{"timestamp": "2025-11-19T08:16:12.276383Z", "level": "INFO", "logger": "httpx", "message": "HTTP Request: POST https://api.telegram.org/bot***REMOVED_TELEGRAM_TOKEN***/getUpdates \"HTTP/1.1 200 OK\"", "module": "_client", "function": "_send_single_request", "line": 1740}
{"timestamp": "2025-11-19T08:16:22.368287Z", "level": "INFO", "logger": "httpx", "message": "HTTP Request: POST https://api.telegram.org/bot***REMOVED_TELEGRAM_TOKEN***/getUpdates \"HTTP/1.1 200 OK\"", "module": "_client", "function": "_send_single_request", "line": 1740}
{"timestamp": "2025-11-19T08:16:32.461843Z", "level": "INFO", "logger": "httpx", "message": "HTTP Request: POST https://api.telegram.org/bot***REMOVED_TELEGRAM_TOKEN***/getUpdates \"HTTP/1.1 200 OK\"", "module": "_client", "function": "_send_single_request", "line": 1740}
{"timestamp": "2025-11-19T08:16:42.564321Z", "level": "INFO", "logger": "httpx", "message": "HTTP Request: POST https://api.telegram.org/bot***REMOVED_TELEGRAM_TOKEN***/getUpdates \"HTTP/1.1 200 OK\"", "module": "_client", "function": "_send_single_request", "line": 1740}
{"timestamp": "2025-11-19T08:16:52.654002Z", "level": "INFO", "logger": "httpx", "message": "HTTP Request: POST https://api.telegram.org/bot***REMOVED_TELEGRAM_TOKEN***/getUpdates \"HTTP/1.1 200 OK\"", "module": "_client", "function": "_send_single_request", "line": 1740}
{"timestamp": "2025-11-19T08:17:02.746185Z", "level": "INFO", "logger": "httpx", "message": "HTTP Request: POST https://api.telegram.org/bot***REMOVED_TELEGRAM_TOKEN***/getUpdates \"HTTP/1.1 200 OK\"", "module": "_client", "function": "_send_single_request", "line": 1740}
{"timestamp": "2025-11-19T08:17:12.835281Z", "level": "INFO", "logger": "httpx", "message": "HTTP Request: POST https://api.telegram.org/bot***REMOVED_TELEGRAM_TOKEN***/getUpdates \"HTTP/1.1 200 OK\"", "module": "_client", "function": "_send_single_request", "line": 1740}
{"timestamp": "2025-11-19T08:17:22.928285Z", "level": "INFO", "logger": "httpx", "message": "HTTP Request: POST https://api.telegram.org/bot***REMOVED_TELEGRAM_TOKEN***/getUpdates \"HTTP/1.1 200 OK\"", "module": "_client", "function": "_send_single_request", "line": 1740}
{"timestamp": "2025-11-19T08:17:33.022417Z", "level": "INFO", "logger": "httpx", "message": "HTTP Request: POST https://api.telegram.org/bot***REMOVED_TELEGRAM_TOKEN***/getUpdates \"HTTP/1.1 200 OK\"", "module": "_client", "function": "_send_single_request", "line": 1740}
{"timestamp": "2025-11-19T08:17:43.114006Z", "level": "INFO", "logger": "httpx", "message": "HTTP Request: POST https://api.telegram.org/bot***REMOVED_TELEGRAM_TOKEN***/getUpdates \"HTTP/1.1 200 OK\"", "module": "_client", "function": "_send_single_request", "line": 1740}
{"timestamp": "2025-11-19T08:17:53.207609Z", "level": "INFO", "logger": "httpx", "message": "HTTP Request: POST https://api.telegram.org/bot***REMOVED_TELEGRAM_TOKEN***/getUpdates \"HTTP/1.1 200 OK\"", "module": "_client", "function": "_send_single_request", "line": 1740}
{"timestamp": "2025-11-19T08:18:03.298720Z", "level": "INFO", "logger": "httpx", "message": "HTTP Request: POST https://api.telegram.org/bot***REMOVED_TELEGRAM_TOKEN***/getUpdates \"HTTP/1.1 200 OK\"", "module": "_client", "function": "_send_single_request", "line": 1740}
{"timestamp": "2025-11-19T08:18:13.403745Z", "level": "INFO", "logger": "httpx", "message": "HTTP Request: POST https://api.telegram.org/bot***REMOVED_TELEGRAM_TOKEN***/getUpdates \"HTTP/1.1 200 OK\"", "module": "_client", "function": "_send_single_request", "line": 1740}
{"timestamp": "2025-11-19T08:18:23.494678Z", "level": "INFO", "logger": "httpx", "message": "HTTP Request: POST https://api.telegram.org/bot***REMOVED_TELEGRAM_TOKEN***/getUpdates \"HTTP/1.1 200 OK\"", "module": "_client", "function": "_send_single_request", "line": 1740}
{"timestamp": "2025-11-19T08:18:33.586835Z", "level": "INFO", "logger": "httpx", "message": "HTTP Request: POST https://api.telegram.org/bot***REMOVED_TELEGRAM_TOKEN***/getUpdates \"HTTP/1.1 200 OK\"", "module": "_client", "function": "_send_single_request", "line": 1740}
{"timestamp": "2025-11-19T08:18:43.681850Z", "level": "INFO", "logger": "httpx", "message": "HTTP Request: POST https://api.telegram.org/bot***REMOVED_TELEGRAM_TOKEN***/getUpdates \"HTTP/1.1 200 OK\"", "module": "_client", "function": "_send_single_request", "line": 1740}
{"timestamp": "2025-11-19T08:18:53.773137Z", "level": "INFO", "logger": "httpx", "message": "HTTP Request: POST https://api.telegram.org/bot***REMOVED_TELEGRAM_TOKEN***/getUpdates \"HTTP/1.1 200 OK\"", "module": "_client", "function": "_send_single_request", "line": 1740}
{"timestamp": "2025-11-19T08:19:03.865215Z", "level": "INFO", "logger": "httpx", "message": "HTTP Request: POST https://api.telegram.org/bot***REMOVED_TELEGRAM_TOKEN***/getUpdates \"HTTP/1.1 200 OK\"", "module": "_client", "function": "_send_single_request", "line": 1740}
{"timestamp": "2025-11-19T08:19:13.956823Z", "level": "INFO", "logger": "httpx", "message": "HTTP Request: POST https://api.telegram.org/bot***REMOVED_TELEGRAM_TOKEN***/getUpdates \"HTTP/1.1 200 OK\"", "module": "_client", "function": "_send_single_request", "line": 1740}
{"timestamp": "2025-11-19T08:19:24.056446Z", "level": "INFO", "logger": "httpx", "message": "HTTP Request: POST https://api.telegram.org/bot***REMOVED_TELEGRAM_TOKEN***/getUpdates \"HTTP/1.1 200 OK\"", "module": "_client", "function": "_send_single_request", "line": 1740}
{"timestamp": "2025-11-19T08:19:34.147894Z", "level": "INFO", "logger": "httpx", "message": "HTTP Request: POST https://api.telegram.org/bot***REMOVED_TELEGRAM_TOKEN***/getUpdates \"HTTP/1.1 200 OK\"", "module": "_client", "function": "_send_single_request", "line": 1740}
{"timestamp": "2025-11-19T08:19:44.252551Z", "level": "INFO", "logger": "httpx", "message": "HTTP Request: POST https://api.telegram.org/bot***REMOVED_TELEGRAM_TOKEN***/getUpdates \"HTTP/1.1 200 OK\"", "module": "_client", "function": "_send_single_request", "line": 1740}
{"timestamp": "2025-11-19T08:19:54.356349Z", "level": "INFO", "logger": "httpx", "message": "HTTP Request: POST https://api.telegram.org/bot***REMOVED_TELEGRAM_TOKEN***/getUpdates \"HTTP/1.1 200 OK\"", "module": "_client", "function": "_send_single_request", "line": 1740}
{"timestamp": "2025-11-19T08:20:04.447790Z", "level": "INFO", "logger": "httpx", "message": "HTTP Request: POST https://api.telegram.org/bot***REMOVED_TELEGRAM_TOKEN***/getUpdates \"HTTP/1.1 200 OK\"", "module": "_client", "function": "_send_single_request", "line": 1740}
{"timestamp": "2025-11-19T08:20:14.538109Z", "level": "INFO", "logger": "httpx", "message": "HTTP Request: POST https://api.telegram.org/bot***REMOVED_TELEGRAM_TOKEN***/getUpdates \"HTTP/1.1 200 OK\"", "module": "_client", "function": "_send_single_request", "line": 1740}
{"timestamp": "2025-11-19T08:20:24.631176Z", "level": "INFO", "logger": "httpx", "message": "HTTP Request: POST https://api.telegram.org/bot***REMOVED_TELEGRAM_TOKEN***/getUpdates \"HTTP/1.1 200 OK\"", "module": "_client", "function": "_send_single_request", "line": 1740}
{"timestamp": "2025-11-19T08:20:34.720883Z", "level": "INFO", "logger": "httpx", "message": "HTTP Request: POST https://api.telegram.org/bot***REMOVED_TELEGRAM_TOKEN***/getUpdates \"HTTP/1.1 200 OK\"", "module": "_client", "function": "_send_single_request", "line": 1740}
{"timestamp": "2025-11-19T08:20:44.812535Z", "level": "INFO", "logger": "httpx", "message": "HTTP Request: POST https://api.telegram.org/bot***REMOVED_TELEGRAM_TOKEN***/getUpdates \"HTTP/1.1 200 OK\"", "module": "_client", "function": "_send_single_request", "line": 1740}
{"timestamp": "2025-11-19T08:20:54.903763Z", "level": "INFO", "logger": "httpx", "message": "HTTP Request: POST https://api.telegram.org/bot***REMOVED_TELEGRAM_TOKEN***/getUpdates \"HTTP/1.1 200 OK\"", "module": "_client", "function": "_send_single_request", "line": 1740}
{"timestamp": "2025-11-19T08:21:04.993980Z", "level": "INFO", "logger": "httpx", "message": "HTTP Request: POST https://api.telegram.org/bot***REMOVED_TELEGRAM_TOKEN***/getUpdates \"HTTP/1.1 200 OK\"", "module": "_client", "function": "_send_single_request", "line": 1740}
{"timestamp": "2025-11-19T08:21:15.083848Z", "level": "INFO", "logger": "httpx", "message": "HTTP Request: POST https://api.telegram.org/bot***REMOVED_TELEGRAM_TOKEN***/getUpdates \"HTTP/1.1 200 OK\"", "module": "_client", "function": "_send_single_request", "line": 1740}
{"timestamp": "2025-11-19T08:21:25.181560Z", "level": "INFO", "logger": "httpx", "message": "HTTP Request: POST https://api.telegram.org/bot***REMOVED_TELEGRAM_TOKEN***/getUpdates \"HTTP/1.1 200 OK\"", "module": "_client", "function": "_send_single_request", "line": 1740}
{"timestamp": "2025-11-19T08:21:35.283722Z", "level": "INFO", "logger": "httpx", "message": "HTTP Request: POST https://api.telegram.org/bot***REMOVED_TELEGRAM_TOKEN***/getUpdates \"HTTP/1.1 200 OK\"", "module": "_client", "function": "_send_single_request", "line": 1740}
{"timestamp": "2025-11-19T08:21:45.388055Z", "level": "INFO", "logger": "httpx", "message": "HTTP Request: POST https://api.telegram.org/bot***REMOVED_TELEGRAM_TOKEN***/getUpdates \"HTTP/1.1 200 OK\"", "module": "_client", "function": "_send_single_request", "line": 1740}
{"timestamp": "2025-11-19T08:21:55.480216Z", "level": "INFO", "logger": "httpx", "message": "HTTP Request: POST https://api.telegram.org/bot***REMOVED_TELEGRAM_TOKEN***/getUpdates \"HTTP/1.1 200 OK\"", "module": "_client", "function": "_send_single_request", "line": 1740}
{"timestamp": "2025-11-19T08:22:05.606787Z", "level": "INFO", "logger": "httpx", "message": "HTTP Request: POST https://api.telegram.org/bot***REMOVED_TELEGRAM_TOKEN***/getUpdates \"HTTP/1.1 200 OK\"", "module": "_client", "function": "_send_single_request", "line": 1740}
{"timestamp": "2025-11-19T08:22:15.696535Z", "level": "INFO", "logger": "httpx", "message": "HTTP Request: POST https://api.telegram.org/bot***REMOVED_TELEGRAM_TOKEN***/getUpdates \"HTTP/1.1 200 OK\"", "module": "_client", "function": "_send_single_request", "line": 1740}
{"timestamp": "2025-11-19T08:22:25.788864Z", "level": "INFO", "logger": "httpx", "message": "HTTP Request: POST https://api.telegram.org/bot***REMOVED_TELEGRAM_TOKEN***/getUpdates \"HTTP/1.1 200 OK\"", "module": "_client", "function": "_send_single_request", "line": 1740}
{"timestamp": "2025-11-19T08:22:35.878978Z", "level": "INFO", "logger": "httpx", "message": "HTTP Request: POST https://api.telegram.org/bot***REMOVED_TELEGRAM_TOKEN***/getUpdates \"HTTP/1.1 200 OK\"", "module": "_client", "function": "_send_single_request", "line": 1740}
{"timestamp": "2025-11-19T08:22:45.969536Z", "level": "INFO", "logger": "httpx", "message": "HTTP Request: POST https://api.telegram.org/bot***REMOVED_TELEGRAM_TOKEN***/getUpdates \"HTTP/1.1 200 OK\"", "module": "_client", "function": "_send_single_request", "line": 1740}
{"timestamp": "2025-11-19T08:22:56.074896Z", "level": "INFO", "logger": "httpx", "message": "HTTP Request: POST https://api.telegram.org/bot***REMOVED_TELEGRAM_TOKEN***/getUpdates \"HTTP/1.1 200 OK\"", "module": "_client", "function": "_send_single_request", "line": 1740}
{"timestamp": "2025-11-19T08:23:06.177563Z", "level": "INFO", "logger": "httpx", "message": "HTTP Request: POST https://api.telegram.org/bot***REMOVED_TELEGRAM_TOKEN***/getUpdates \"HTTP/1.1 200 OK\"", "module": "_client", "function": "_send_single_request", "line": 1740}
{"timestamp": "2025-11-19T08:23:16.266470Z", "level": "INFO", "logger": "httpx", "message": "HTTP Request: POST https://api.telegram.org/bot***REMOVED_TELEGRAM_TOKEN***/getUpdates \"HTTP/1.1 200 OK\"", "module": "_client", "function": "_send_single_request", "line": 1740}
{"timestamp": "2025-11-19T08:23:26.356911Z", "level": "INFO", "logger": "httpx", "message": "HTTP Request: POST https://api.telegram.org/bot***REMOVED_TELEGRAM_TOKEN***/getUpdates \"HTTP/1.1 200 OK\"", "module": "_client", "function": "_send_single_request", "line": 1740}
{"timestamp": "2025-11-19T08:23:36.454483Z", "level": "INFO", "logger": "httpx", "message": "HTTP Request: POST https://api.telegram.org/bot***REMOVED_TELEGRAM_TOKEN***/getUpdates \"HTTP/1.1 200 OK\"", "module": "_client", "function": "_send_single_request", "line": 1740}
{"timestamp": "2025-11-19T08:23:46.544603Z", "level": "INFO", "logger": "httpx", "message": "HTTP Request: POST https://api.telegram.org/bot***REMOVED_TELEGRAM_TOKEN***/getUpdates \"HTTP/1.1 200 OK\"", "module": "_client", "function": "_send_single_request", "line": 1740}
{"timestamp": "2025-11-19T08:23:56.637548Z", "level": "INFO", "logger": "httpx", "message": "HTTP Request: POST https://api.telegram.org/bot***REMOVED_TELEGRAM_TOKEN***/getUpdates \"HTTP/1.1 200 OK\"", "module": "_client", "function": "_send_single_request", "line": 1740}
{"timestamp": "2025-11-19T08:24:06.728738Z", "level": "INFO", "logger": "httpx", "message": "HTTP Request: POST https://api.telegram.org/bot***REMOVED_TELEGRAM_TOKEN***/getUpdates \"HTTP/1.1 200 OK\"", "module": "_client", "function": "_send_single_request", "line": 1740}
{"timestamp": "2025-11-19T08:24:16.821316Z", "level": "INFO", "logger": "httpx", "message": "HTTP Request: POST https://api.telegram.org/bot***REMOVED_TELEGRAM_TOKEN***/getUpdates \"HTTP/1.1 200 OK\"", "module": "_client", "function": "_send_single_request", "line": 1740}
{"timestamp": "2025-11-19T08:24:26.908883Z", "level": "INFO", "logger": "httpx", "message": "HTTP Request: POST https://api.telegram.org/bot***REMOVED_TELEGRAM_TOKEN***/getUpdates \"HTTP/1.1 200 OK\"", "module": "_client", "function": "_send_single_request", "line": 1740}
{"timestamp": "2025-11-19T08:24:36.995652Z", "level": "INFO", "logger": "httpx", "message": "HTTP Request: POST https://api.telegram.org/bot***REMOVED_TELEGRAM_TOKEN***/getUpdates \"HTTP/1.1 200 OK\"", "module": "_client", "function": "_send_single_request", "line": 1740}
{"timestamp": "2025-11-19T08:24:47.083783Z", "level": "INFO", "logger": "httpx", "message": "HTTP Request: POST https://api.telegram.org/bot***REMOVED_TELEGRAM_TOKEN***/getUpdates \"HTTP/1.1 200 OK\"", "module": "_client", "function": "_send_single_request", "line": 1740}
{"timestamp": "2025-11-19T08:24:57.170701Z", "level": "INFO", "logger": "httpx", "message": "HTTP Request: POST https://api.telegram.org/bot***REMOVED_TELEGRAM_TOKEN***/getUpdates \"HTTP/1.1 200 OK\"", "module": "_client", "function": "_send_single_request", "line": 1740}
{"timestamp": "2025-11-19T08:25:07.257270Z", "level": "INFO", "logger": "httpx", "message": "HTTP Request: POST https://api.telegram.org/bot***REMOVED_TELEGRAM_TOKEN***/getUpdates \"HTTP/1.1 200 OK\"", "module": "_client", "function": "_send_single_request", "line": 1740}
{"timestamp": "2025-11-19T08:25:17.352638Z", "level": "INFO", "logger": "httpx", "message": "HTTP Request: POST https://api.telegram.org/bot***REMOVED_TELEGRAM_TOKEN***/getUpdates \"HTTP/1.1 200 OK\"", "module": "_client", "function": "_send_single_request", "line": 1740}
{"timestamp": "2025-11-19T08:25:27.438740Z", "level": "INFO", "logger": "httpx", "message": "HTTP Request: POST https://api.telegram.org/bot***REMOVED_TELEGRAM_TOKEN***/getUpdates \"HTTP/1.1 200 OK\"", "module": "_client", "function": "_send_single_request", "line": 1740}
{"timestamp": "2025-11-19T08:25:37.525132Z", "level": "INFO", "logger": "httpx", "message": "HTTP Request: POST https://api.telegram.org/bot***REMOVED_TELEGRAM_TOKEN***/getUpdates \"HTTP/1.1 200 OK\"", "module": "_client", "function": "_send_single_request", "line": 1740}
{"timestamp": "2025-11-19T08:25:47.612992Z", "level": "INFO", "logger": "httpx", "message": "HTTP Request: POST https://api.telegram.org/bot***REMOVED_TELEGRAM_TOKEN***/getUpdates \"HTTP/1.1 200 OK\"", "module": "_client", "function": "_send_single_request", "line": 1740}
{"timestamp": "2025-11-19T08:25:57.703286Z", "level": "INFO", "logger": "httpx", "message": "HTTP Request: POST https://api.telegram.org/bot***REMOVED_TELEGRAM_TOKEN***/getUpdates \"HTTP/1.1 200 OK\"", "module": "_client", "function": "_send_single_request", "line": 1740}
{"timestamp": "2025-11-19T08:26:07.789227Z", "level": "INFO", "logger": "httpx", "message": "HTTP Request: POST https://api.telegram.org/bot***REMOVED_TELEGRAM_TOKEN***/getUpdates \"HTTP/1.1 200 OK\"", "module": "_client", "function": "_send_single_request", "line": 1740}
{"timestamp": "2025-11-19T08:26:17.877601Z", "level": "INFO", "logger": "httpx", "message": "HTTP Request: POST https://api.telegram.org/bot***REMOVED_TELEGRAM_TOKEN***/getUpdates \"HTTP/1.1 200 OK\"", "module": "_client", "function": "_send_single_request", "line": 1740}
{"timestamp": "2025-11-19T08:26:27.966626Z", "level": "INFO", "logger": "httpx", "message": "HTTP Request: POST https://api.telegram.org/bot***REMOVED_TELEGRAM_TOKEN***/getUpdates \"HTTP/1.1 200 OK\"", "module": "_client", "function": "_send_single_request", "line": 1740}
{"timestamp": "2025-11-19T08:26:38.055441Z", "level": "INFO", "logger": "httpx", "message": "HTTP Request: POST https://api.telegram.org/bot***REMOVED_TELEGRAM_TOKEN***/getUpdates \"HTTP/1.1 200 OK\"", "module": "_client", "function": "_send_single_request", "line": 1740}
{"timestamp": "2025-11-19T08:26:48.142228Z", "level": "INFO", "logger": "httpx", "message": "HTTP Request: POST https://api.telegram.org/bot***REMOVED_TELEGRAM_TOKEN***/getUpdates \"HTTP/1.1 200 OK\"", "module": "_client", "function": "_send_single_request", "line": 1740}
{"timestamp": "2025-11-19T08:26:58.232451Z", "level": "INFO", "logger": "httpx", "message": "HTTP Request: POST https://api.telegram.org/bot***REMOVED_TELEGRAM_TOKEN***/getUpdates \"HTTP/1.1 200 OK\"", "module": "_client", "function": "_send_single_request", "line": 1740}
{"timestamp": "2025-11-19T08:27:08.322842Z", "level": "INFO", "logger": "httpx", "message": "HTTP Request: POST https://api.telegram.org/bot***REMOVED_TELEGRAM_TOKEN***/getUpdates \"HTTP/1.1 200 OK\"", "module": "_client", "function": "_send_single_request", "line": 1740}
{"timestamp": "2025-11-19T08:27:18.409294Z", "level": "INFO", "logger": "httpx", "message": "HTTP Request: POST https://api.telegram.org/bot***REMOVED_TELEGRAM_TOKEN***/getUpdates \"HTTP/1.1 200 OK\"", "module": "_client", "function": "_send_single_request", "line": 1740}
{"timestamp": "2025-11-19T08:27:28.496551Z", "level": "INFO", "logger": "httpx", "message": "HTTP Request: POST https://api.telegram.org/bot***REMOVED_TELEGRAM_TOKEN***/getUpdates \"HTTP/1.1 200 OK\"", "module": "_client", "function": "_send_single_request", "line": 1740}
{"timestamp": "2025-11-19T08:27:38.584103Z", "level": "INFO", "logger": "httpx", "message": "HTTP Request: POST https://api.telegram.org/bot***REMOVED_TELEGRAM_TOKEN***/getUpdates \"HTTP/1.1 200 OK\"", "module": "_client", "function": "_send_single_request", "line": 1740}
{"timestamp": "2025-11-19T08:27:48.672856Z", "level": "INFO", "logger": "httpx", "message": "HTTP Request: POST https://api.telegram.org/bot***REMOVED_TELEGRAM_TOKEN***/getUpdates \"HTTP/1.1 200 OK\"", "module": "_client", "function": "_send_single_request", "line": 1740}
{"timestamp": "2025-11-19T08:27:58.761633Z", "level": "INFO", "logger": "httpx", "message": "HTTP Request: POST https://api.telegram.org/bot***REMOVED_TELEGRAM_TOKEN***/getUpdates \"HTTP/1.1 200 OK\"", "module": "_client", "function": "_send_single_request", "line": 1740}
{"timestamp": "2025-11-19T08:28:08.850776Z", "level": "INFO", "logger": "httpx", "message": "HTTP Request: POST https://api.telegram.org/bot***REMOVED_TELEGRAM_TOKEN***/getUpdates \"HTTP/1.1 200 OK\"", "module": "_client", "function": "_send_single_request", "line": 1740}
{"timestamp": "2025-11-19T08:28:18.939248Z", "level": "INFO", "logger": "httpx", "message": "HTTP Request: POST https://api.telegram.org/bot***REMOVED_TELEGRAM_TOKEN***/getUpdates \"HTTP/1.1 200 OK\"", "module": "_client", "function": "_send_single_request", "line": 1740}
{"timestamp": "2025-11-19T08:28:29.026496Z", "level": "INFO", "logger": "httpx", "message": "HTTP Request: POST https://api.telegram.org/bot***REMOVED_TELEGRAM_TOKEN***/getUpdates \"HTTP/1.1 200 OK\"", "module": "_client", "function": "_send_single_request", "line": 1740}
{"timestamp": "2025-11-19T08:28:39.112664Z", "level": "INFO", "logger": "httpx", "message": "HTTP Request: POST https://api.telegram.org/bot***REMOVED_TELEGRAM_TOKEN***/getUpdates \"HTTP/1.1 200 OK\"", "module": "_client", "function": "_send_single_request", "line": 1740}
{"timestamp": "2025-11-19T08:28:49.204448Z", "level": "INFO", "logger": "httpx", "message": "HTTP Request: POST https://api.telegram.org/bot***REMOVED_TELEGRAM_TOKEN***/getUpdates \"HTTP/1.1 200 OK\"", "module": "_client", "function": "_send_single_request", "line": 1740}
{"timestamp": "2025-11-19T08:28:59.292001Z", "level": "INFO", "logger": "httpx", "message": "HTTP Request: POST https://api.telegram.org/bot***REMOVED_TELEGRAM_TOKEN***/getUpdates \"HTTP/1.1 200 OK\"", "module": "_client", "function": "_send_single_request", "line": 1740}
{"timestamp": "2025-11-19T08:29:09.378086Z", "level": "INFO", "logger": "httpx", "message": "HTTP Request: POST https://api.telegram.org/bot***REMOVED_TELEGRAM_TOKEN***/getUpdates \"HTTP/1.1 200 OK\"", "module": "_client", "function": "_send_single_request", "line": 1740}
{"timestamp": "2025-11-19T08:29:19.467433Z", "level": "INFO", "logger": "httpx", "message": "HTTP Request: POST https://api.telegram.org/bot***REMOVED_TELEGRAM_TOKEN***/getUpdates \"HTTP/1.1 200 OK\"", "module": "_client", "function": "_send_single_request", "line": 1740}
{"timestamp": "2025-11-19T08:29:29.555095Z", "level": "INFO", "logger": "httpx", "message": "HTTP Request: POST https://api.telegram.org/bot***REMOVED_TELEGRAM_TOKEN***/getUpdates \"HTTP/1.1 200 OK\"", "module": "_client", "function": "_send_single_request", "line": 1740}
{"timestamp": "2025-11-19T08:29:39.644350Z", "level": "INFO", "logger": "httpx", "message": "HTTP Request: POST https://api.telegram.org/bot***REMOVED_TELEGRAM_TOKEN***/getUpdates \"HTTP/1.1 200 OK\"", "module": "_client", "function": "_send_single_request", "line": 1740}
{"timestamp": "2025-11-19T08:29:49.731738Z", "level": "INFO", "logger": "httpx", "message": "HTTP Request: POST https://api.telegram.org/bot***REMOVED_TELEGRAM_TOKEN***/getUpdates \"HTTP/1.1 200 OK\"", "module": "_client", "function": "_send_single_request", "line": 1740}
{"timestamp": "2025-11-19T08:29:59.819655Z", "level": "INFO", "logger": "httpx", "message": "HTTP Request: POST https://api.telegram.org/bot***REMOVED_TELEGRAM_TOKEN***/getUpdates \"HTTP/1.1 200 OK\"", "module": "_client", "function": "_send_single_request", "line": 1740}
{"timestamp": "2025-11-19T08:30:10.078558Z", "level": "INFO", "logger": "httpx", "message": "HTTP Request: POST https://api.telegram.org/bot***REMOVED_TELEGRAM_TOKEN***/getUpdates \"HTTP/1.1 200 OK\"", "module": "_client", "function": "_send_single_request", "line": 1740}
{"timestamp": "2025-11-19T08:30:20.165645Z", "level": "INFO", "logger": "httpx", "message": "HTTP Request: POST https://api.telegram.org/bot***REMOVED_TELEGRAM_TOKEN***/getUpdates \"HTTP/1.1 200 OK\"", "module": "_client", "function": "_send_single_request", "line": 1740}
{"timestamp": "2025-11-19T08:30:30.252898Z", "level": "INFO", "logger": "httpx", "message": "HTTP Request: POST https://api.telegram.org/bot***REMOVED_TELEGRAM_TOKEN***/getUpdates \"HTTP/1.1 200 OK\"", "module": "_client", "function": "_send_single_request", "line": 1740}
{"timestamp": "2025-11-19T08:30:40.339200Z", "level": "INFO", "logger": "httpx", "message": "HTTP Request: POST https://api.telegram.org/bot***REMOVED_TELEGRAM_TOKEN***/getUpdates \"HTTP/1.1 200 OK\"", "module": "_client", "function": "_send_single_request", "line": 1740}
{"timestamp": "2025-11-19T08:30:50.427812Z", "level": "INFO", "logger": "httpx", "message": "HTTP Request: POST https://api.telegram.org/bot***REMOVED_TELEGRAM_TOKEN***/getUpdates \"HTTP/1.1 200 OK\"", "module": "_client", "function": "_send_single_request", "line": 1740}
{"timestamp": "2025-11-19T08:31:00.514594Z", "level": "INFO", "logger": "httpx", "message": "HTTP Request: POST https://api.telegram.org/bot***REMOVED_TELEGRAM_TOKEN***/getUpdates \"HTTP/1.1 200 OK\"", "module": "_client", "function": "_send_single_request", "line": 1740}
{"timestamp": "2025-11-19T08:31:10.602401Z", "level": "INFO", "logger": "httpx", "message": "HTTP Request: POST https://api.telegram.org/bot***REMOVED_TELEGRAM_TOKEN***/getUpdates \"HTTP/1.1 200 OK\"", "module": "_client", "function": "_send_single_request", "line": 1740}
{"timestamp": "2025-11-19T08:31:20.689888Z", "level": "INFO", "logger": "httpx", "message": "HTTP Request: POST https://api.telegram.org/bot***REMOVED_TELEGRAM_TOKEN***/getUpdates \"HTTP/1.1 200 OK\"", "module": "_client", "function": "_send_single_request", "line": 1740}
{"timestamp": "2025-11-19T08:31:30.777249Z", "level": "INFO", "logger": "httpx", "message": "HTTP Request: POST https://api.telegram.org/bot***REMOVED_TELEGRAM_TOKEN***/getUpdates \"HTTP/1.1 200 OK\"", "module": "_client", "function": "_send_single_request", "line": 1740}
{"timestamp": "2025-11-19T08:31:40.863928Z", "level": "INFO", "logger": "httpx", "message": "HTTP Request: POST https://api.telegram.org/bot***REMOVED_TELEGRAM_TOKEN***/getUpdates \"HTTP/1.1 200 OK\"", "module": "_client", "function": "_send_single_request", "line": 1740}
{"timestamp": "2025-11-19T08:31:50.952718Z", "level": "INFO", "logger": "httpx", "message": "HTTP Request: POST https://api.telegram.org/bot***REMOVED_TELEGRAM_TOKEN***/getUpdates \"HTTP/1.1 200 OK\"", "module": "_client", "function": "_send_single_request", "line": 1740}
{"timestamp": "2025-11-19T08:32:01.041632Z", "level": "INFO", "logger": "httpx", "message": "HTTP Request: POST https://api.telegram.org/bot***REMOVED_TELEGRAM_TOKEN***/getUpdates \"HTTP/1.1 200 OK\"", "module": "_client", "function": "_send_single_request", "line": 1740}
{"timestamp": "2025-11-19T08:32:11.128601Z", "level": "INFO", "logger": "httpx", "message": "HTTP Request: POST https://api.telegram.org/bot***REMOVED_TELEGRAM_TOKEN***/getUpdates \"HTTP/1.1 200 OK\"", "module": "_client", "function": "_send_single_request", "line": 1740}
{"timestamp": "2025-11-19T08:32:21.215541Z", "level": "INFO", "logger": "httpx", "message": "HTTP Request: POST https://api.telegram.org/bot***REMOVED_TELEGRAM_TOKEN***/getUpdates \"HTTP/1.1 200 OK\"", "module": "_client", "function": "_send_single_request", "line": 1740}
{"timestamp": "2025-11-19T08:32:31.303905Z", "level": "INFO", "logger": "httpx", "message": "HTTP Request: POST https://api.telegram.org/bot***REMOVED_TELEGRAM_TOKEN***/getUpdates \"HTTP/1.1 200 OK\"", "module": "_client", "function": "_send_single_request", "line": 1740}
{"timestamp": "2025-11-19T08:32:41.394163Z", "level": "INFO", "logger": "httpx", "message": "HTTP Request: POST https://api.telegram.org/bot***REMOVED_TELEGRAM_TOKEN***/getUpdates \"HTTP/1.1 200 OK\"", "module": "_client", "function": "_send_single_request", "line": 1740}
{"timestamp": "2025-11-19T08:32:51.482466Z", "level": "INFO", "logger": "httpx", "message": "HTTP Request: POST https://api.telegram.org/bot***REMOVED_TELEGRAM_TOKEN***/getUpdates \"HTTP/1.1 200 OK\"", "module": "_client", "function": "_send_single_request", "line": 1740}
{"timestamp": "2025-11-19T08:33:01.570418Z", "level": "INFO", "logger": "httpx", "message": "HTTP Request: POST https://api.telegram.org/bot***REMOVED_TELEGRAM_TOKEN***/getUpdates \"HTTP/1.1 200 OK\"", "module": "_client", "function": "_send_single_request", "line": 1740}
{"timestamp": "2025-11-19T08:33:11.657255Z", "level": "INFO", "logger": "httpx", "message": "HTTP Request: POST https://api.telegram.org/bot***REMOVED_TELEGRAM_TOKEN***/getUpdates \"HTTP/1.1 200 OK\"", "module": "_client", "function": "_send_single_request", "line": 1740}
{"timestamp": "2025-11-19T08:33:21.743846Z", "level": "INFO", "logger": "httpx", "message": "HTTP Request: POST https://api.telegram.org/bot***REMOVED_TELEGRAM_TOKEN***/getUpdates \"HTTP/1.1 200 OK\"", "module": "_client", "function": "_send_single_request", "line": 1740}
{"timestamp": "2025-11-19T08:33:31.830067Z", "level": "INFO", "logger": "httpx", "message": "HTTP Request: POST https://api.telegram.org/bot***REMOVED_TELEGRAM_TOKEN***/getUpdates \"HTTP/1.1 200 OK\"", "module": "_client", "function": "_send_single_request", "line": 1740}
{"timestamp": "2025-11-19T08:33:41.918096Z", "level": "INFO", "logger": "httpx", "message": "HTTP Request: POST https://api.telegram.org/bot***REMOVED_TELEGRAM_TOKEN***/getUpdates \"HTTP/1.1 200 OK\"", "module": "_client", "function": "_send_single_request", "line": 1740}
{"timestamp": "2025-11-19T08:33:52.006567Z", "level": "INFO", "logger": "httpx", "message": "HTTP Request: POST https://api.telegram.org/bot***REMOVED_TELEGRAM_TOKEN***/getUpdates \"HTTP/1.1 200 OK\"", "module": "_client", "function": "_send_single_request", "line": 1740}
{"timestamp": "2025-11-19T08:34:02.094278Z", "level": "INFO", "logger": "httpx", "message": "HTTP Request: POST https://api.telegram.org/bot***REMOVED_TELEGRAM_TOKEN***/getUpdates \"HTTP/1.1 200 OK\"", "module": "_client", "function": "_send_single_request", "line": 1740}
{"timestamp": "2025-11-19T08:34:12.192402Z", "level": "INFO", "logger": "httpx", "message": "HTTP Request: POST https://api.telegram.org/bot***REMOVED_TELEGRAM_TOKEN***/getUpdates \"HTTP/1.1 200 OK\"", "module": "_client", "function": "_send_single_request", "line": 1740}
{"timestamp": "2025-11-19T08:34:22.280280Z", "level": "INFO", "logger": "httpx", "message": "HTTP Request: POST https://api.telegram.org/bot***REMOVED_TELEGRAM_TOKEN***/getUpdates \"HTTP/1.1 200 OK\"", "module": "_client", "function": "_send_single_request", "line": 1740}
{"timestamp": "2025-11-19T08:34:32.368405Z", "level": "INFO", "logger": "httpx", "message": "HTTP Request: POST https://api.telegram.org/bot***REMOVED_TELEGRAM_TOKEN***/getUpdates \"HTTP/1.1 200 OK\"", "module": "_client", "function": "_send_single_request", "line": 1740}
{"timestamp": "2025-11-19T08:34:42.585176Z", "level": "INFO", "logger": "httpx", "message": "HTTP Request: POST https://api.telegram.org/bot***REMOVED_TELEGRAM_TOKEN***/getUpdates \"HTTP/1.1 200 OK\"", "module": "_client", "function": "_send_single_request", "line": 1740}
{"timestamp": "2025-11-19T08:34:52.672907Z", "level": "INFO", "logger": "httpx", "message": "HTTP Request: POST https://api.telegram.org/bot***REMOVED_TELEGRAM_TOKEN***/getUpdates \"HTTP/1.1 200 OK\"", "module": "_client", "function": "_send_single_request", "line": 1740}
{"timestamp": "2025-11-19T08:35:02.759973Z", "level": "INFO", "logger": "httpx", "message": "HTTP Request: POST https://api.telegram.org/bot***REMOVED_TELEGRAM_TOKEN***/getUpdates \"HTTP/1.1 200 OK\"", "module": "_client", "function": "_send_single_request", "line": 1740}
{"timestamp": "2025-11-19T08:35:12.847918Z", "level": "INFO", "logger": "httpx", "message": "HTTP Request: POST https://api.telegram.org/bot***REMOVED_TELEGRAM_TOKEN***/getUpdates \"HTTP/1.1 200 OK\"", "module": "_client", "function": "_send_single_request", "line": 1740}
{"timestamp": "2025-11-19T08:35:22.935037Z", "level": "INFO", "logger": "httpx", "message": "HTTP Request: POST https://api.telegram.org/bot***REMOVED_TELEGRAM_TOKEN***/getUpdates \"HTTP/1.1 200 OK\"", "module": "_client", "function": "_send_single_request", "line": 1740}
{"timestamp": "2025-11-19T08:35:33.022453Z", "level": "INFO", "logger": "httpx", "message": "HTTP Request: POST https://api.telegram.org/bot***REMOVED_TELEGRAM_TOKEN***/getUpdates \"HTTP/1.1 200 OK\"", "module": "_client", "function": "_send_single_request", "line": 1740}
{"timestamp": "2025-11-19T08:35:43.110107Z", "level": "INFO", "logger": "httpx", "message": "HTTP Request: POST https://api.telegram.org/bot***REMOVED_TELEGRAM_TOKEN***/getUpdates \"HTTP/1.1 200 OK\"", "module": "_client", "function": "_send_single_request", "line": 1740}
{"timestamp": "2025-11-19T08:35:53.196790Z", "level": "INFO", "logger": "httpx", "message": "HTTP Request: POST https://api.telegram.org/bot***REMOVED_TELEGRAM_TOKEN***/getUpdates \"HTTP/1.1 200 OK\"", "module": "_client", "function": "_send_single_request", "line": 1740}
{"timestamp": "2025-11-19T08:36:03.284102Z", "level": "INFO", "logger": "httpx", "message": "HTTP Request: POST https://api.telegram.org/bot***REMOVED_TELEGRAM_TOKEN***/getUpdates \"HTTP/1.1 200 OK\"", "module": "_client", "function": "_send_single_request", "line": 1740}
{"timestamp": "2025-11-19T08:36:13.371167Z", "level": "INFO", "logger": "httpx", "message": "HTTP Request: POST https://api.telegram.org/bot***REMOVED_TELEGRAM_TOKEN***/getUpdates \"HTTP/1.1 200 OK\"", "module": "_client", "function": "_send_single_request", "line": 1740}
{"timestamp": "2025-11-19T08:36:23.458495Z", "level": "INFO", "logger": "httpx", "message": "HTTP Request: POST https://api.telegram.org/bot***REMOVED_TELEGRAM_TOKEN***/getUpdates \"HTTP/1.1 200 OK\"", "module": "_client", "function": "_send_single_request", "line": 1740}
{"timestamp": "2025-11-19T08:36:33.546718Z", "level": "INFO", "logger": "httpx", "message": "HTTP Request: POST https://api.telegram.org/bot***REMOVED_TELEGRAM_TOKEN***/getUpdates \"HTTP/1.1 200 OK\"", "module": "_client", "function": "_send_single_request", "line": 1740}
{"timestamp": "2025-11-19T08:36:43.634031Z", "level": "INFO", "logger": "httpx", "message": "HTTP Request: POST https://api.telegram.org/bot***REMOVED_TELEGRAM_TOKEN***/getUpdates \"HTTP/1.1 200 OK\"", "module": "_client", "function": "_send_single_request", "line": 1740}
{"timestamp": "2025-11-19T08:36:53.721583Z", "level": "INFO", "logger": "httpx", "message": "HTTP Request: POST https://api.telegram.org/bot***REMOVED_TELEGRAM_TOKEN***/getUpdates \"HTTP/1.1 200 OK\"", "module": "_client", "function": "_send_single_request", "line": 1740}
{"timestamp": "2025-11-19T08:37:03.809510Z", "level": "INFO", "logger": "httpx", "message": "HTTP Request: POST https://api.telegram.org/bot***REMOVED_TELEGRAM_TOKEN***/getUpdates \"HTTP/1.1 200 OK\"", "module": "_client", "function": "_send_single_request", "line": 1740}
{"timestamp": "2025-11-19T08:37:13.896639Z", "level": "INFO", "logger": "httpx", "message": "HTTP Request: POST https://api.telegram.org/bot***REMOVED_TELEGRAM_TOKEN***/getUpdates \"HTTP/1.1 200 OK\"", "module": "_client", "function": "_send_single_request", "line": 1740}
{"timestamp": "2025-11-19T08:37:23.983702Z", "level": "INFO", "logger": "httpx", "message": "HTTP Request: POST https://api.telegram.org/bot***REMOVED_TELEGRAM_TOKEN***/getUpdates \"HTTP/1.1 200 OK\"", "module": "_client", "function": "_send_single_request", "line": 1740}
{"timestamp": "2025-11-19T08:37:34.070344Z", "level": "INFO", "logger": "httpx", "message": "HTTP Request: POST https://api.telegram.org/bot***REMOVED_TELEGRAM_TOKEN***/getUpdates \"HTTP/1.1 200 OK\"", "module": "_client", "function": "_send_single_request", "line": 1740}
{"timestamp": "2025-11-19T08:37:44.160982Z", "level": "INFO", "logger": "httpx", "message": "HTTP Request: POST https://api.telegram.org/bot***REMOVED_TELEGRAM_TOKEN***/getUpdates \"HTTP/1.1 200 OK\"", "module": "_client", "function": "_send_single_request", "line": 1740}
{"timestamp": "2025-11-19T08:37:54.248752Z", "level": "INFO", "logger": "httpx", "message": "HTTP Request: POST https://api.telegram.org/bot***REMOVED_TELEGRAM_TOKEN***/getUpdates \"HTTP/1.1 200 OK\"", "module": "_client", "function": "_send_single_request", "line": 1740}
{"timestamp": "2025-11-19T08:38:04.334946Z", "level": "INFO", "logger": "httpx", "message": "HTTP Request: POST https://api.telegram.org/bot***REMOVED_TELEGRAM_TOKEN***/getUpdates \"HTTP/1.1 200 OK\"", "module": "_client", "function": "_send_single_request", "line": 1740}
{"timestamp": "2025-11-19T08:38:14.422469Z", "level": "INFO", "logger": "httpx", "message": "HTTP Request: POST https://api.telegram.org/bot***REMOVED_TELEGRAM_TOKEN***/getUpdates \"HTTP/1.1 200 OK\"", "module": "_client", "function": "_send_single_request", "line": 1740}
{"timestamp": "2025-11-19T08:38:24.508773Z", "level": "INFO", "logger": "httpx", "message": "HTTP Request: POST https://api.telegram.org/bot***REMOVED_TELEGRAM_TOKEN***/getUpdates \"HTTP/1.1 200 OK\"", "module": "_client", "function": "_send_single_request", "line": 1740}
{"timestamp": "2025-11-19T08:38:34.596304Z", "level": "INFO", "logger": "httpx", "message": "HTTP Request: POST https://api.telegram.org/bot***REMOVED_TELEGRAM_TOKEN***/getUpdates \"HTTP/1.1 200 OK\"", "module": "_client", "function": "_send_single_request", "line": 1740}
{"timestamp": "2025-11-19T08:38:44.683544Z", "level": "INFO", "logger": "httpx", "message": "HTTP Request: POST https://api.telegram.org/bot***REMOVED_TELEGRAM_TOKEN***/getUpdates \"HTTP/1.1 200 OK\"", "module": "_client", "function": "_send_single_request", "line": 1740}
{"timestamp": "2025-11-19T08:38:54.770474Z", "level": "INFO", "logger": "httpx", "message": "HTTP Request: POST https://api.telegram.org/bot***REMOVED_TELEGRAM_TOKEN***/getUpdates \"HTTP/1.1 200 OK\"", "module": "_client", "function": "_send_single_request", "line": 1740}
{"timestamp": "2025-11-19T08:39:04.857323Z", "level": "INFO", "logger": "httpx", "message": "HTTP Request: POST https://api.telegram.org/bot***REMOVED_TELEGRAM_TOKEN***/getUpdates \"HTTP/1.1 200 OK\"", "module": "_client", "function": "_send_single_request", "line": 1740}
{"timestamp": "2025-11-19T08:39:14.944260Z", "level": "INFO", "logger": "httpx", "message": "HTTP Request: POST https://api.telegram.org/bot***REMOVED_TELEGRAM_TOKEN***/getUpdates \"HTTP/1.1 200 OK\"", "module": "_client", "function": "_send_single_request", "line": 1740}
{"timestamp": "2025-11-19T08:39:25.031678Z", "level": "INFO", "logger": "httpx", "message": "HTTP Request: POST https://api.telegram.org/bot***REMOVED_TELEGRAM_TOKEN***/getUpdates \"HTTP/1.1 200 OK\"", "module": "_client", "function": "_send_single_request", "line": 1740}
{"timestamp": "2025-11-19T08:39:35.118247Z", "level": "INFO", "logger": "httpx", "message": "HTTP Request: POST https://api.telegram.org/bot***REMOVED_TELEGRAM_TOKEN***/getUpdates \"HTTP/1.1 200 OK\"", "module": "_client", "function": "_send_single_request", "line": 1740}
{"timestamp": "2025-11-19T08:39:45.206583Z", "level": "INFO", "logger": "httpx", "message": "HTTP Request: POST https://api.telegram.org/bot***REMOVED_TELEGRAM_TOKEN***/getUpdates \"HTTP/1.1 200 OK\"", "module": "_client", "function": "_send_single_request", "line": 1740}
{"timestamp": "2025-11-19T08:39:55.293289Z", "level": "INFO", "logger": "httpx", "message": "HTTP Request: POST https://api.telegram.org/bot***REMOVED_TELEGRAM_TOKEN***/getUpdates \"HTTP/1.1 200 OK\"", "module": "_client", "function": "_send_single_request", "line": 1740}
{"timestamp": "2025-11-19T08:40:05.380117Z", "level": "INFO", "logger": "httpx", "message": "HTTP Request: POST https://api.telegram.org/bot***REMOVED_TELEGRAM_TOKEN***/getUpdates \"HTTP/1.1 200 OK\"", "module": "_client", "function": "_send_single_request", "line": 1740}
{"timestamp": "2025-11-19T08:40:15.467395Z", "level": "INFO", "logger": "httpx", "message": "HTTP Request: POST https://api.telegram.org/bot***REMOVED_TELEGRAM_TOKEN***/getUpdates \"HTTP/1.1 200 OK\"", "module": "_client", "function": "_send_single_request", "line": 1740}
{"timestamp": "2025-11-19T08:40:25.553808Z", "level": "INFO", "logger": "httpx", "message": "HTTP Request: POST https://api.telegram.org/bot***REMOVED_TELEGRAM_TOKEN***/getUpdates \"HTTP/1.1 200 OK\"", "module": "_client", "function": "_send_single_request", "line": 1740}
{"timestamp": "2025-11-19T08:40:35.641606Z", "level": "INFO", "logger": "httpx", "message": "HTTP Request: POST https://api.telegram.org/bot***REMOVED_TELEGRAM_TOKEN***/getUpdates \"HTTP/1.1 200 OK\"", "module": "_client", "function": "_send_single_request", "line": 1740}
{"timestamp": "2025-11-19T08:40:45.728231Z", "level": "INFO", "logger": "httpx", "message": "HTTP Request: POST https://api.telegram.org/bot***REMOVED_TELEGRAM_TOKEN***/getUpdates \"HTTP/1.1 200 OK\"", "module": "_client", "function": "_send_single_request", "line": 1740}
{"timestamp": "2025-11-19T08:40:55.815500Z", "level": "INFO", "logger": "httpx", "message": "HTTP Request: POST https://api.telegram.org/bot***REMOVED_TELEGRAM_TOKEN***/getUpdates \"HTTP/1.1 200 OK\"", "module": "_client", "function": "_send_single_request", "line": 1740}
{"timestamp": "2025-11-19T08:41:05.901990Z", "level": "INFO", "logger": "httpx", "message": "HTTP Request: POST https://api.telegram.org/bot***REMOVED_TELEGRAM_TOKEN***/getUpdates \"HTTP/1.1 200 OK\"", "module": "_client", "function": "_send_single_request", "line": 1740}
{"timestamp": "2025-11-19T08:41:15.987954Z", "level": "INFO", "logger": "httpx", "message": "HTTP Request: POST https://api.telegram.org/bot***REMOVED_TELEGRAM_TOKEN***/getUpdates \"HTTP/1.1 200 OK\"", "module": "_client", "function": "_send_single_request", "line": 1740}
{"timestamp": "2025-11-19T08:41:26.074413Z", "level": "INFO", "logger": "httpx", "message": "HTTP Request: POST https://api.telegram.org/bot***REMOVED_TELEGRAM_TOKEN***/getUpdates \"HTTP/1.1 200 OK\"", "module": "_client", "function": "_send_single_request", "line": 1740}
{"timestamp": "2025-11-19T08:41:30.344115Z", "level": "INFO", "logger": "httpx", "message": "HTTP Request: POST https://api.telegram.org/bot***REMOVED_TELEGRAM_TOKEN***/getUpdates \"HTTP/1.1 200 OK\"", "module": "_client", "function": "_send_single_request", "line": 1740}
{"timestamp": "2025-11-19T08:41:30.345166Z", "level": "INFO", "logger": "telegram.ext.Application", "message": "Application is stopping. This might take a moment.", "module": "_application", "function": "stop", "line": 667}
{"timestamp": "2025-11-19T08:41:30.345695Z", "level": "INFO", "logger": "telegram.ext.Application", "message": "Application.stop() complete", "module": "_application", "function": "stop", "line": 703}
{"timestamp": "2025-11-19T08:41:43.851608Z", "level": "INFO", "logger": "root", "message": "Successfully connected to ClickHouse", "module": "clickhouse", "function": "_connect", "line": 21}
{"timestamp": "2025-11-19T08:41:44.176801Z", "level": "INFO", "logger": "root", "message": "Loaded 2 allowed users from allowed_users.json", "module": "security", "function": "_load_allowed_users", "line": 46}
{"timestamp": "2025-11-19T08:41:44.197945Z", "level": "INFO", "logger": "root", "message": "Starting AI Analyst bot...", "module": "main", "function": "main", "line": 19}
{"timestamp": "2025-11-19T08:41:44.476268Z", "level": "INFO", "logger": "httpx", "message": "HTTP Request: POST https://api.telegram.org/bot***REMOVED_TELEGRAM_TOKEN***/getMe \"HTTP/1.1 200 OK\"", "module": "_client", "function": "_send_single_request", "line": 1740}
{"timestamp": "2025-11-19T08:41:44.565619Z", "level": "INFO", "logger": "httpx", "message": "HTTP Request: POST https://api.telegram.org/bot***REMOVED_TELEGRAM_TOKEN***/deleteWebhook \"HTTP/1.1 200 OK\"", "module": "_client", "function": "_send_single_request", "line": 1740}
{"timestamp": "2025-11-19T08:41:44.567654Z", "level": "INFO", "logger": "telegram.ext.Application", "message": "Application started", "module": "_application", "function": "start", "line": 633}
{"timestamp": "2025-11-19T08:41:54.828085Z", "level": "INFO", "logger": "httpx", "message": "HTTP Request: POST https://api.telegram.org/bot***REMOVED_TELEGRAM_TOKEN***/getUpdates \"HTTP/1.1 200 OK\"", "module": "_client", "function": "_send_single_request", "line": 1740}
{"timestamp": "2025-11-19T08:41:57.666318Z", "level": "INFO", "logger": "httpx", "message": "HTTP Request: POST https://api.telegram.org/bot***REMOVED_TELEGRAM_TOKEN***/getUpdates \"HTTP/1.1 200 OK\"", "module": "_client", "function": "_send_single_request", "line": 1740}
{"timestamp": "2025-11-19T08:41:57.924331Z", "level": "INFO", "logger": "httpx", "message": "HTTP Request: POST https://api.telegram.org/bot***REMOVED_TELEGRAM_TOKEN***/sendChatAction \"HTTP/1.1 200 OK\"", "module": "_client", "function": "_send_single_request", "line": 1740}
{"timestamp": "2025-11-19T08:42:02.031864Z", "level": "INFO", "logger": "httpx", "message": "HTTP Request: POST https://api.telegram.org/bot***REMOVED_TELEGRAM_TOKEN***/sendChatAction \"HTTP/1.1 200 OK\"", "module": "_client", "function": "_send_single_request", "line": 1740}
{"timestamp": "2025-11-19T08:42:06.202713Z", "level": "INFO", "logger": "httpx", "message": "HTTP Request: POST https://api.telegram.org/bot***REMOVED_TELEGRAM_TOKEN***/sendChatAction \"HTTP/1.1 200 OK\"", "module": "_client", "function": "_send_single_request", "line": 1740}
{"timestamp": "2025-11-19T08:42:07.771174Z", "level": "INFO", "logger": "httpx", "message": "HTTP Request: POST https://api.telegram.org/bot***REMOVED_TELEGRAM_TOKEN***/getUpdates \"HTTP/1.1 200 OK\"", "module": "_client", "function": "_send_single_request", "line": 1740}
{"timestamp": "2025-11-19T08:42:10.599247Z", "level": "INFO", "logger": "httpx", "message": "HTTP Request: POST https://api.telegram.org/bot***REMOVED_TELEGRAM_TOKEN***/sendChatAction \"HTTP/1.1 200 OK\"", "module": "_client", "function": "_send_single_request", "line": 1740}
{"timestamp": "2025-11-19T08:42:14.702568Z", "level": "INFO", "logger": "httpx", "message": "HTTP Request: POST https://api.telegram.org/bot***REMOVED_TELEGRAM_TOKEN***/sendChatAction \"HTTP/1.1 200 OK\"", "module": "_client", "function": "_send_single_request", "line": 1740}
{"timestamp": "2025-11-19T08:42:17.883753Z", "level": "INFO", "logger": "httpx", "message": "HTTP Request: POST https://api.telegram.org/bot***REMOVED_TELEGRAM_TOKEN***/getUpdates \"HTTP/1.1 200 OK\"", "module": "_client", "function": "_send_single_request", "line": 1740}
{"timestamp": "2025-11-19T08:42:18.808823Z", "level": "INFO", "logger": "httpx", "message": "HTTP Request: POST https://api.telegram.org/bot***REMOVED_TELEGRAM_TOKEN***/sendChatAction \"HTTP/1.1 200 OK\"", "module": "_client", "function": "_send_single_request", "line": 1740}
{"timestamp": "2025-11-19T08:42:22.904385Z", "level": "INFO", "logger": "httpx", "message": "HTTP Request: POST https://api.telegram.org/bot***REMOVED_TELEGRAM_TOKEN***/sendChatAction \"HTTP/1.1 200 OK\"", "module": "_client", "function": "_send_single_request", "line": 1740}
{"timestamp": "2025-11-19T08:42:27.000137Z", "level": "INFO", "logger": "httpx", "message": "HTTP Request: POST https://api.telegram.org/bot***REMOVED_TELEGRAM_TOKEN***/sendChatAction \"HTTP/1.1 200 OK\"", "module": "_client", "function": "_send_single_request", "line": 1740}
{"timestamp": "2025-11-19T08:42:27.975963Z", "level": "INFO", "logger": "httpx", "message": "HTTP Request: POST https://api.telegram.org/bot***REMOVED_TELEGRAM_TOKEN***/getUpdates \"HTTP/1.1 200 OK\"", "module": "_client", "function": "_send_single_request", "line": 1740}
{"timestamp": "2025-11-19T08:42:31.115050Z", "level": "INFO", "logger": "httpx", "message": "HTTP Request: POST https://api.telegram.org/bot***REMOVED_TELEGRAM_TOKEN***/sendChatAction \"HTTP/1.1 200 OK\"", "module": "_client", "function": "_send_single_request", "line": 1740}
{"timestamp": "2025-11-19T08:42:35.222428Z", "level": "INFO", "logger": "httpx", "message": "HTTP Request: POST https://api.telegram.org/bot***REMOVED_TELEGRAM_TOKEN***/sendChatAction \"HTTP/1.1 200 OK\"", "module": "_client", "function": "_send_single_request", "line": 1740}
{"timestamp": "2025-11-19T08:42:38.068925Z", "level": "INFO", "logger": "httpx", "message": "HTTP Request: POST https://api.telegram.org/bot***REMOVED_TELEGRAM_TOKEN***/getUpdates \"HTTP/1.1 200 OK\"", "module": "_client", "function": "_send_single_request", "line": 1740}
{"timestamp": "2025-11-19T08:42:39.474534Z", "level": "INFO", "logger": "httpx", "message": "HTTP Request: POST https://api.telegram.org/bot***REMOVED_TELEGRAM_TOKEN***/sendChatAction \"HTTP/1.1 200 OK\"", "module": "_client", "function": "_send_single_request", "line": 1740}
{"timestamp": "2025-11-19T08:42:43.688707Z", "level": "INFO", "logger": "httpx", "message": "HTTP Request: POST https://api.telegram.org/bot***REMOVED_TELEGRAM_TOKEN***/sendChatAction \"HTTP/1.1 200 OK\"", "module": "_client", "function": "_send_single_request", "line": 1740}
{"timestamp": "2025-11-19T08:42:47.797993Z", "level": "INFO", "logger": "httpx", "message": "HTTP Request: POST https://api.telegram.org/bot***REMOVED_TELEGRAM_TOKEN***/sendChatAction \"HTTP/1.1 200 OK\"", "module": "_client", "function": "_send_single_request", "line": 1740}
{"timestamp": "2025-11-19T08:42:48.158211Z", "level": "INFO", "logger": "httpx", "message": "HTTP Request: POST https://api.telegram.org/bot***REMOVED_TELEGRAM_TOKEN***/getUpdates \"HTTP/1.1 200 OK\"", "module": "_client", "function": "_send_single_request", "line": 1740}
{"timestamp": "2025-11-19T08:42:51.939414Z", "level": "INFO", "logger": "httpx", "message": "HTTP Request: POST https://api.telegram.org/bot***REMOVED_TELEGRAM_TOKEN***/sendChatAction \"HTTP/1.1 200 OK\"", "module": "_client", "function": "_send_single_request", "line": 1740}
{"timestamp": "2025-11-19T08:42:56.046421Z", "level": "INFO", "logger": "httpx", "message": "HTTP Request: POST https://api.telegram.org/bot***REMOVED_TELEGRAM_TOKEN***/sendChatAction \"HTTP/1.1 200 OK\"", "module": "_client", "function": "_send_single_request", "line": 1740}
{"timestamp": "2025-11-19T08:42:58.245659Z", "level": "INFO", "logger": "httpx", "message": "HTTP Request: POST https://api.telegram.org/bot***REMOVED_TELEGRAM_TOKEN***/getUpdates \"HTTP/1.1 200 OK\"", "module": "_client", "function": "_send_single_request", "line": 1740}
{"timestamp": "2025-11-19T08:43:00.165351Z", "level": "INFO", "logger": "httpx", "message": "HTTP Request: POST https://api.telegram.org/bot***REMOVED_TELEGRAM_TOKEN***/sendChatAction \"HTTP/1.1 200 OK\"", "module": "_client", "function": "_send_single_request", "line": 1740}
{"timestamp": "2025-11-19T08:43:04.271830Z", "level": "INFO", "logger": "httpx", "message": "HTTP Request: POST https://api.telegram.org/bot***REMOVED_TELEGRAM_TOKEN***/sendChatAction \"HTTP/1.1 200 OK\"", "module": "_client", "function": "_send_single_request", "line": 1740}
{"timestamp": "2025-11-19T08:43:08.336043Z", "level": "INFO", "logger": "httpx", "message": "HTTP Request: POST https://api.telegram.org/bot***REMOVED_TELEGRAM_TOKEN***/getUpdates \"HTTP/1.1 200 OK\"", "module": "_client", "function": "_send_single_request", "line": 1740}
{"timestamp": "2025-11-19T08:43:08.416398Z", "level": "INFO", "logger": "httpx", "message": "HTTP Request: POST https://api.telegram.org/bot***REMOVED_TELEGRAM_TOKEN***/sendChatAction \"HTTP/1.1 200 OK\"", "module": "_client", "function": "_send_single_request", "line": 1740}
{"timestamp": "2025-11-19T08:43:12.521562Z", "level": "INFO", "logger": "httpx", "message": "HTTP Request: POST https://api.telegram.org/bot***REMOVED_TELEGRAM_TOKEN***/sendChatAction \"HTTP/1.1 200 OK\"", "module": "_client", "function": "_send_single_request", "line": 1740}
{"timestamp": "2025-11-19T08:43:16.335364Z", "level": "INFO", "logger": "sentence_transformers.SentenceTransformer", "message": "Load pretrained SentenceTransformer: sentence-transformers/paraphrase-multilingual-MiniLM-L12-v2", "module": "SentenceTransformer", "function": "__init__", "line": 227}
{"timestamp": "2025-11-19T08:43:16.623055Z", "level": "INFO", "logger": "httpx", "message": "HTTP Request: POST https://api.telegram.org/bot***REMOVED_TELEGRAM_TOKEN***/sendChatAction \"HTTP/1.1 200 OK\"", "module": "_client", "function": "_send_single_request", "line": 1740}
{"timestamp": "2025-11-19T08:43:18.423743Z", "level": "INFO", "logger": "httpx", "message": "HTTP Request: POST https://api.telegram.org/bot***REMOVED_TELEGRAM_TOKEN***/getUpdates \"HTTP/1.1 200 OK\"", "module": "_client", "function": "_send_single_request", "line": 1740}
{"timestamp": "2025-11-19T08:43:21.668839Z", "level": "INFO", "logger": "httpx", "message": "HTTP Request: POST https://api.telegram.org/bot***REMOVED_TELEGRAM_TOKEN***/sendChatAction \"HTTP/1.1 200 OK\"", "module": "_client", "function": "_send_single_request", "line": 1740}
{"timestamp": "2025-11-19T08:43:22.598032Z", "level": "INFO", "logger": "faiss.loader", "message": "Loading faiss with AVX2 support.", "module": "loader", "function": "<module>", "line": 125}
{"timestamp": "2025-11-19T08:43:23.307392Z", "level": "INFO", "logger": "faiss.loader", "message": "Successfully loaded faiss with AVX2 support.", "module": "loader", "function": "<module>", "line": 127}
{"timestamp": "2025-11-19T08:43:23.395162Z", "level": "INFO", "logger": "faiss", "message": "Failed to load GPU Faiss: name 'GpuIndexIVFFlat' is not defined. Will not load constructor refs for GPU indexes. This is only an error if you're trying to use GPU Faiss.", "module": "__init__", "function": "<module>", "line": 186}
{"timestamp": "2025-11-19T08:43:23.572591Z", "level": "ERROR", "logger": "root", "message": "Query processing error: Missing some input keys: {'chat_history'}", "module": "analyst", "function": "process_query", "line": 184}
{"timestamp": "2025-11-19T08:43:23.679739Z", "level": "INFO", "logger": "httpx", "message": "HTTP Request: POST https://api.telegram.org/bot***REMOVED_TELEGRAM_TOKEN***/sendMessage \"HTTP/1.1 200 OK\"", "module": "_client", "function": "_send_single_request", "line": 1740}
{"timestamp": "2025-11-19T08:43:28.514214Z", "level": "INFO", "logger": "httpx", "message": "HTTP Request: POST https://api.telegram.org/bot***REMOVED_TELEGRAM_TOKEN***/getUpdates \"HTTP/1.1 200 OK\"", "module": "_client", "function": "_send_single_request", "line": 1740}
{"timestamp": "2025-11-19T08:43:38.604960Z", "level": "INFO", "logger": "httpx", "message": "HTTP Request: POST https://api.telegram.org/bot***REMOVED_TELEGRAM_TOKEN***/getUpdates \"HTTP/1.1 200 OK\"", "module": "_client", "function": "_send_single_request", "line": 1740}
{"timestamp": "2025-11-19T08:43:48.693893Z", "level": "INFO", "logger": "httpx", "message": "HTTP Request: POST https://api.telegram.org/bot***REMOVED_TELEGRAM_TOKEN***/getUpdates \"HTTP/1.1 200 OK\"", "module": "_client", "function": "_send_single_request", "line": 1740}
{"timestamp": "2025-11-19T08:43:58.782889Z", "level": "INFO", "logger": "httpx", "message": "HTTP Request: POST https://api.telegram.org/bot***REMOVED_TELEGRAM_TOKEN***/getUpdates \"HTTP/1.1 200 OK\"", "module": "_client", "function": "_send_single_request", "line": 1740}
{"timestamp": "2025-11-19T08:44:08.875843Z", "level": "INFO", "logger": "httpx", "message": "HTTP Request: POST https://api.telegram.org/bot***REMOVED_TELEGRAM_TOKEN***/getUpdates \"HTTP/1.1 200 OK\"", "module": "_client", "function": "_send_single_request", "line": 1740}
{"timestamp": "2025-11-19T08:44:18.965362Z", "level": "INFO", "logger": "httpx", "message": "HTTP Request: POST https://api.telegram.org/bot***REMOVED_TELEGRAM_TOKEN***/getUpdates \"HTTP/1.1 200 OK\"", "module": "_client", "function": "_send_single_request", "line": 1740}
{"timestamp": "2025-11-19T08:44:22.983707Z", "level": "INFO", "logger": "httpx", "message": "HTTP Request: POST https://api.telegram.org/bot***REMOVED_TELEGRAM_TOKEN***/getUpdates \"HTTP/1.1 200 OK\"", "module": "_client", "function": "_send_single_request", "line": 1740}
{"timestamp": "2025-11-19T08:44:22.985219Z", "level": "INFO", "logger": "telegram.ext.Application", "message": "Application is stopping. This might take a moment.", "module": "_application", "function": "stop", "line": 667}
{"timestamp": "2025-11-19T08:44:22.985219Z", "level": "INFO", "logger": "telegram.ext.Application", "message": "Application.stop() complete", "module": "_application", "function": "stop", "line": 703}
{"timestamp": "2025-11-19T09:14:43.358279Z", "level": "INFO", "logger": "root", "message": "Successfully connected to ClickHouse", "module": "clickhouse", "function": "_connect", "line": 21}
{"timestamp": "2025-11-19T09:14:43.690637Z", "level": "INFO", "logger": "root", "message": "Loaded 2 allowed users from allowed_users.json", "module": "security", "function": "_load_allowed_users", "line": 46}
{"timestamp": "2025-11-19T09:14:43.709428Z", "level": "INFO", "logger": "root", "message": "Starting AI Analyst bot...", "module": "main", "function": "main", "line": 19}
{"timestamp": "2025-11-19T09:14:43.990258Z", "level": "INFO", "logger": "httpx", "message": "HTTP Request: POST https://api.telegram.org/bot***REMOVED_TELEGRAM_TOKEN***/getMe \"HTTP/1.1 200 OK\"", "module": "_client", "function": "_send_single_request", "line": 1740}
{"timestamp": "2025-11-19T09:14:44.079861Z", "level": "INFO", "logger": "httpx", "message": "HTTP Request: POST https://api.telegram.org/bot***REMOVED_TELEGRAM_TOKEN***/deleteWebhook \"HTTP/1.1 200 OK\"", "module": "_client", "function": "_send_single_request", "line": 1740}
{"timestamp": "2025-11-19T09:14:44.080862Z", "level": "INFO", "logger": "telegram.ext.Application", "message": "Application started", "module": "_application", "function": "start", "line": 633}
{"timestamp": "2025-11-19T09:14:54.353856Z", "level": "INFO", "logger": "httpx", "message": "HTTP Request: POST https://api.telegram.org/bot***REMOVED_TELEGRAM_TOKEN***/getUpdates \"HTTP/1.1 200 OK\"", "module": "_client", "function": "_send_single_request", "line": 1740}
{"timestamp": "2025-11-19T09:15:02.855195Z", "level": "INFO", "logger": "httpx", "message": "HTTP Request: POST https://api.telegram.org/bot***REMOVED_TELEGRAM_TOKEN***/getUpdates \"HTTP/1.1 200 OK\"", "module": "_client", "function": "_send_single_request", "line": 1740}
{"timestamp": "2025-11-19T09:15:03.284351Z", "level": "INFO", "logger": "httpx", "message": "HTTP Request: POST https://api.telegram.org/bot***REMOVED_TELEGRAM_TOKEN***/sendChatAction \"HTTP/1.1 200 OK\"", "module": "_client", "function": "_send_single_request", "line": 1740}
{"timestamp": "2025-11-19T09:15:07.473333Z", "level": "INFO", "logger": "httpx", "message": "HTTP Request: POST https://api.telegram.org/bot***REMOVED_TELEGRAM_TOKEN***/sendChatAction \"HTTP/1.1 200 OK\"", "module": "_client", "function": "_send_single_request", "line": 1740}
{"timestamp": "2025-11-19T09:15:08.965028Z", "level": "INFO", "logger": "sentence_transformers.SentenceTransformer", "message": "Load pretrained SentenceTransformer: sentence-transformers/paraphrase-multilingual-MiniLM-L12-v2", "module": "SentenceTransformer", "function": "__init__", "line": 227}
{"timestamp": "2025-11-19T09:15:11.582206Z", "level": "INFO", "logger": "httpx", "message": "HTTP Request: POST https://api.telegram.org/bot***REMOVED_TELEGRAM_TOKEN***/sendChatAction \"HTTP/1.1 200 OK\"", "module": "_client", "function": "_send_single_request", "line": 1740}
{"timestamp": "2025-11-19T09:15:13.163982Z", "level": "INFO", "logger": "httpx", "message": "HTTP Request: POST https://api.telegram.org/bot***REMOVED_TELEGRAM_TOKEN***/getUpdates \"HTTP/1.1 200 OK\"", "module": "_client", "function": "_send_single_request", "line": 1740}
{"timestamp": "2025-11-19T09:15:13.908409Z", "level": "INFO", "logger": "faiss.loader", "message": "Loading faiss with AVX2 support.", "module": "loader", "function": "<module>", "line": 125}
{"timestamp": "2025-11-19T09:15:13.933859Z", "level": "INFO", "logger": "faiss.loader", "message": "Successfully loaded faiss with AVX2 support.", "module": "loader", "function": "<module>", "line": 127}
{"timestamp": "2025-11-19T09:15:13.940858Z", "level": "INFO", "logger": "faiss", "message": "Failed to load GPU Faiss: name 'GpuIndexIVFFlat' is not defined. Will not load constructor refs for GPU indexes. This is only an error if you're trying to use GPU Faiss.", "module": "__init__", "function": "<module>", "line": 186}
{"timestamp": "2025-11-19T09:15:14.002554Z", "level": "ERROR", "logger": "root", "message": "Query processing error: Missing some input keys: {'chat_history'}", "module": "analyst", "function": "process_query", "line": 184}
{"timestamp": "2025-11-19T09:15:14.128344Z", "level": "INFO", "logger": "httpx", "message": "HTTP Request: POST https://api.telegram.org/bot***REMOVED_TELEGRAM_TOKEN***/sendMessage \"HTTP/1.1 200 OK\"", "module": "_client", "function": "_send_single_request", "line": 1740}
{"timestamp": "2025-11-19T09:15:23.260621Z", "level": "INFO", "logger": "httpx", "message": "HTTP Request: POST https://api.telegram.org/bot***REMOVED_TELEGRAM_TOKEN***/getUpdates \"HTTP/1.1 200 OK\"", "module": "_client", "function": "_send_single_request", "line": 1740}
{"timestamp": "2025-11-19T09:15:33.351807Z", "level": "INFO", "logger": "httpx", "message": "HTTP Request: POST https://api.telegram.org/bot***REMOVED_TELEGRAM_TOKEN***/getUpdates \"HTTP/1.1 200 OK\"", "module": "_client", "function": "_send_single_request", "line": 1740}
{"timestamp": "2025-11-19T09:15:43.446410Z", "level": "INFO", "logger": "httpx", "message": "HTTP Request: POST https://api.telegram.org/bot***REMOVED_TELEGRAM_TOKEN***/getUpdates \"HTTP/1.1 200 OK\"", "module": "_client", "function": "_send_single_request", "line": 1740}
{"timestamp": "2025-11-19T09:15:53.539712Z", "level": "INFO", "logger": "httpx", "message": "HTTP Request: POST https://api.telegram.org/bot***REMOVED_TELEGRAM_TOKEN***/getUpdates \"HTTP/1.1 200 OK\"", "module": "_client", "function": "_send_single_request", "line": 1740}
{"timestamp": "2025-11-19T09:16:03.631872Z", "level": "INFO", "logger": "httpx", "message": "HTTP Request: POST https://api.telegram.org/bot***REMOVED_TELEGRAM_TOKEN***/getUpdates \"HTTP/1.1 200 OK\"", "module": "_client", "function": "_send_single_request", "line": 1740}
{"timestamp": "2025-11-19T09:16:13.724870Z", "level": "INFO", "logger": "httpx", "message": "HTTP Request: POST https://api.telegram.org/bot***REMOVED_TELEGRAM_TOKEN***/getUpdates \"HTTP/1.1 200 OK\"", "module": "_client", "function": "_send_single_request", "line": 1740}
{"timestamp": "2025-11-19T09:16:23.815445Z", "level": "INFO", "logger": "httpx", "message": "HTTP Request: POST https://api.telegram.org/bot***REMOVED_TELEGRAM_TOKEN***/getUpdates \"HTTP/1.1 200 OK\"", "module": "_client", "function": "_send_single_request", "line": 1740}
{"timestamp": "2025-11-19T09:16:33.907558Z", "level": "INFO", "logger": "httpx", "message": "HTTP Request: POST https://api.telegram.org/bot***REMOVED_TELEGRAM_TOKEN***/getUpdates \"HTTP/1.1 200 OK\"", "module": "_client", "function": "_send_single_request", "line": 1740}
{"timestamp": "2025-11-19T09:16:43.999970Z", "level": "INFO", "logger": "httpx", "message": "HTTP Request: POST https://api.telegram.org/bot***REMOVED_TELEGRAM_TOKEN***/getUpdates \"HTTP/1.1 200 OK\"", "module": "_client", "function": "_send_single_request", "line": 1740}
{"timestamp": "2025-11-19T09:16:54.090534Z", "level": "INFO", "logger": "httpx", "message": "HTTP Request: POST https://api.telegram.org/bot***REMOVED_TELEGRAM_TOKEN***/getUpdates \"HTTP/1.1 200 OK\"", "module": "_client", "function": "_send_single_request", "line": 1740}
{"timestamp": "2025-11-19T09:17:00.732391Z", "level": "INFO", "logger": "httpx", "message": "HTTP Request: POST https://api.telegram.org/bot***REMOVED_TELEGRAM_TOKEN***/getUpdates \"HTTP/1.1 200 OK\"", "module": "_client", "function": "_send_single_request", "line": 1740}
{"timestamp": "2025-11-19T09:17:00.734395Z", "level": "INFO", "logger": "telegram.ext.Application", "message": "Application is stopping. This might take a moment.", "module": "_application", "function": "stop", "line": 667}
{"timestamp": "2025-11-19T09:17:00.734395Z", "level": "INFO", "logger": "telegram.ext.Application", "message": "Application.stop() complete", "module": "_application", "function": "stop", "line": 703}
{"timestamp": "2025-11-19T09:22:42.981235Z", "level": "INFO", "logger": "root", "message": "Successfully connected to ClickHouse", "module": "clickhouse", "function": "_connect", "line": 21}
{"timestamp": "2025-11-19T09:22:43.320006Z", "level": "INFO", "logger": "root", "message": "Loaded 2 allowed users from allowed_users.json", "module": "security", "function": "_load_allowed_users", "line": 46}
{"timestamp": "2025-11-19T09:22:43.337871Z", "level": "INFO", "logger": "root", "message": "Starting AI Analyst bot...", "module": "main", "function": "main", "line": 19}
{"timestamp": "2025-11-19T09:22:43.591113Z", "level": "INFO", "logger": "httpx", "message": "HTTP Request: POST https://api.telegram.org/bot***REMOVED_TELEGRAM_TOKEN***/getMe \"HTTP/1.1 200 OK\"", "module": "_client", "function": "_send_single_request", "line": 1740}
{"timestamp": "2025-11-19T09:22:43.672267Z", "level": "INFO", "logger": "httpx", "message": "HTTP Request: POST https://api.telegram.org/bot***REMOVED_TELEGRAM_TOKEN***/deleteWebhook \"HTTP/1.1 200 OK\"", "module": "_client", "function": "_send_single_request", "line": 1740}
{"timestamp": "2025-11-19T09:22:43.673432Z", "level": "INFO", "logger": "telegram.ext.Application", "message": "Application started", "module": "_application", "function": "start", "line": 633}
{"timestamp": "2025-11-19T09:22:53.914995Z", "level": "INFO", "logger": "httpx", "message": "HTTP Request: POST https://api.telegram.org/bot***REMOVED_TELEGRAM_TOKEN***/getUpdates \"HTTP/1.1 200 OK\"", "module": "_client", "function": "_send_single_request", "line": 1740}
{"timestamp": "2025-11-19T09:23:03.995449Z", "level": "INFO", "logger": "httpx", "message": "HTTP Request: POST https://api.telegram.org/bot***REMOVED_TELEGRAM_TOKEN***/getUpdates \"HTTP/1.1 200 OK\"", "module": "_client", "function": "_send_single_request", "line": 1740}
{"timestamp": "2025-11-19T09:23:14.075472Z", "level": "INFO", "logger": "httpx", "message": "HTTP Request: POST https://api.telegram.org/bot***REMOVED_TELEGRAM_TOKEN***/getUpdates \"HTTP/1.1 200 OK\"", "module": "_client", "function": "_send_single_request", "line": 1740}
{"timestamp": "2025-11-19T09:23:24.156342Z", "level": "INFO", "logger": "httpx", "message": "HTTP Request: POST https://api.telegram.org/bot***REMOVED_TELEGRAM_TOKEN***/getUpdates \"HTTP/1.1 200 OK\"", "module": "_client", "function": "_send_single_request", "line": 1740}
{"timestamp": "2025-11-19T09:23:34.236118Z", "level": "INFO", "logger": "httpx", "message": "HTTP Request: POST https://api.telegram.org/bot***REMOVED_TELEGRAM_TOKEN***/getUpdates \"HTTP/1.1 200 OK\"", "module": "_client", "function": "_send_single_request", "line": 1740}
{"timestamp": "2025-11-19T09:23:38.894297Z", "level": "INFO", "logger": "httpx", "message": "HTTP Request: POST https://api.telegram.org/bot***REMOVED_TELEGRAM_TOKEN***/getUpdates \"HTTP/1.1 200 OK\"", "module": "_client", "function": "_send_single_request", "line": 1740}
{"timestamp": "2025-11-19T09:23:39.290388Z", "level": "INFO", "logger": "httpx", "message": "HTTP Request: POST https://api.telegram.org/bot***REMOVED_TELEGRAM_TOKEN***/sendChatAction \"HTTP/1.1 200 OK\"", "module": "_client", "function": "_send_single_request", "line": 1740}
{"timestamp": "2025-11-19T09:23:43.393131Z", "level": "INFO", "logger": "httpx", "message": "HTTP Request: POST https://api.telegram.org/bot***REMOVED_TELEGRAM_TOKEN***/sendChatAction \"HTTP/1.1 200 OK\"", "module": "_client", "function": "_send_single_request", "line": 1740}
{"timestamp": "2025-11-19T09:23:44.797924Z", "level": "INFO", "logger": "sentence_transformers.SentenceTransformer", "message": "Load pretrained SentenceTransformer: sentence-transformers/paraphrase-multilingual-MiniLM-L12-v2", "module": "SentenceTransformer", "function": "__init__", "line": 227}
{"timestamp": "2025-11-19T09:23:47.546375Z", "level": "INFO", "logger": "httpx", "message": "HTTP Request: POST https://api.telegram.org/bot***REMOVED_TELEGRAM_TOKEN***/sendChatAction \"HTTP/1.1 200 OK\"", "module": "_client", "function": "_send_single_request", "line": 1740}
{"timestamp": "2025-11-19T09:23:49.271881Z", "level": "INFO", "logger": "httpx", "message": "HTTP Request: POST https://api.telegram.org/bot***REMOVED_TELEGRAM_TOKEN***/getUpdates \"HTTP/1.1 200 OK\"", "module": "_client", "function": "_send_single_request", "line": 1740}
{"timestamp": "2025-11-19T09:23:50.059647Z", "level": "INFO", "logger": "faiss.loader", "message": "Loading faiss with AVX2 support.", "module": "loader", "function": "<module>", "line": 125}
{"timestamp": "2025-11-19T09:23:50.080426Z", "level": "INFO", "logger": "faiss.loader", "message": "Successfully loaded faiss with AVX2 support.", "module": "loader", "function": "<module>", "line": 127}
{"timestamp": "2025-11-19T09:23:50.089941Z", "level": "INFO", "logger": "faiss", "message": "Failed to load GPU Faiss: name 'GpuIndexIVFFlat' is not defined. Will not load constructor refs for GPU indexes. This is only an error if you're trying to use GPU Faiss.", "module": "__init__", "function": "<module>", "line": 186}
{"timestamp": "2025-11-19T09:23:50.133678Z", "level": "ERROR", "logger": "root", "message": "Query processing error: Missing some input keys: {'chat_history'}", "module": "analyst", "function": "process_query", "line": 184}
{"timestamp": "2025-11-19T09:23:50.294111Z", "level": "INFO", "logger": "httpx", "message": "HTTP Request: POST https://api.telegram.org/bot***REMOVED_TELEGRAM_TOKEN***/sendMessage \"HTTP/1.1 200 OK\"", "module": "_client", "function": "_send_single_request", "line": 1740}
{"timestamp": "2025-11-19T09:23:59.352172Z", "level": "INFO", "logger": "httpx", "message": "HTTP Request: POST https://api.telegram.org/bot***REMOVED_TELEGRAM_TOKEN***/getUpdates \"HTTP/1.1 200 OK\"", "module": "_client", "function": "_send_single_request", "line": 1740}
{"timestamp": "2025-11-19T09:24:09.431883Z", "level": "INFO", "logger": "httpx", "message": "HTTP Request: POST https://api.telegram.org/bot***REMOVED_TELEGRAM_TOKEN***/getUpdates \"HTTP/1.1 200 OK\"", "module": "_client", "function": "_send_single_request", "line": 1740}
{"timestamp": "2025-11-19T09:24:19.513855Z", "level": "INFO", "logger": "httpx", "message": "HTTP Request: POST https://api.telegram.org/bot***REMOVED_TELEGRAM_TOKEN***/getUpdates \"HTTP/1.1 200 OK\"", "module": "_client", "function": "_send_single_request", "line": 1740}
{"timestamp": "2025-11-19T09:24:29.594916Z", "level": "INFO", "logger": "httpx", "message": "HTTP Request: POST https://api.telegram.org/bot***REMOVED_TELEGRAM_TOKEN***/getUpdates \"HTTP/1.1 200 OK\"", "module": "_client", "function": "_send_single_request", "line": 1740}
{"timestamp": "2025-11-19T09:24:39.677657Z", "level": "INFO", "logger": "httpx", "message": "HTTP Request: POST https://api.telegram.org/bot***REMOVED_TELEGRAM_TOKEN***/getUpdates \"HTTP/1.1 200 OK\"", "module": "_client", "function": "_send_single_request", "line": 1740}
{"timestamp": "2025-11-19T09:24:49.759504Z", "level": "INFO", "logger": "httpx", "message": "HTTP Request: POST https://api.telegram.org/bot***REMOVED_TELEGRAM_TOKEN***/getUpdates \"HTTP/1.1 200 OK\"", "module": "_client", "function": "_send_single_request", "line": 1740}
{"timestamp": "2025-11-19T09:24:59.841541Z", "level": "INFO", "logger": "httpx", "message": "HTTP Request: POST https://api.telegram.org/bot***REMOVED_TELEGRAM_TOKEN***/getUpdates \"HTTP/1.1 200 OK\"", "module": "_client", "function": "_send_single_request", "line": 1740}
{"timestamp": "2025-11-19T10:16:47.395132Z", "level": "WARNING", "logger": "urllib3.connectionpool", "message": "Retrying (Retry(total=0, connect=None, read=None, redirect=0, status=None)) after connection broken by 'ConnectTimeoutError(<urllib3.connection.HTTPConnection object at 0x000001C06EFFB910>, 'Connection to 10.2.1.11 timed out. (connect timeout=10)')': /?", "module": "connectionpool", "function": "urlopen", "line": 868}
{"timestamp": "2025-11-19T10:16:57.407735Z", "level": "WARNING", "logger": "clickhouse_connect.driver.httpclient", "message": "Unexpected Http Driver Exception", "module": "httpclient", "function": "_raw_request", "line": 466}
{"timestamp": "2025-11-19T10:16:57.408242Z", "level": "ERROR", "logger": "root", "message": "ClickHouse connection failed: Error HTTPConnectionPool(host='10.2.1.11', port=8123): Max retries exceeded with url: /? (Caused by ConnectTimeoutError(<urllib3.connection.HTTPConnection object at 0x000001C06EFFBAF0>, 'Connection to 10.2.1.11 timed out. (connect timeout=10)')) executing HTTP request attempt 1 (http://10.2.1.11:8123)", "module": "clickhouse", "function": "_connect", "line": 24}
{"timestamp": "2025-11-19T10:17:37.522024Z", "level": "INFO", "logger": "root", "message": "Successfully connected to ClickHouse", "module": "clickhouse", "function": "_connect", "line": 21}
{"timestamp": "2025-11-19T10:17:37.847944Z", "level": "INFO", "logger": "root", "message": "Loaded 2 allowed users from allowed_users.json", "module": "security", "function": "_load_allowed_users", "line": 46}
{"timestamp": "2025-11-19T10:17:37.864716Z", "level": "INFO", "logger": "root", "message": "Starting AI Analyst bot...", "module": "main", "function": "main", "line": 19}
{"timestamp": "2025-11-19T10:17:38.127239Z", "level": "INFO", "logger": "httpx", "message": "HTTP Request: POST https://api.telegram.org/bot***REMOVED_TELEGRAM_TOKEN***/getMe \"HTTP/1.1 200 OK\"", "module": "_client", "function": "_send_single_request", "line": 1740}
{"timestamp": "2025-11-19T10:17:38.215483Z", "level": "INFO", "logger": "httpx", "message": "HTTP Request: POST https://api.telegram.org/bot***REMOVED_TELEGRAM_TOKEN***/deleteWebhook \"HTTP/1.1 200 OK\"", "module": "_client", "function": "_send_single_request", "line": 1740}
{"timestamp": "2025-11-19T10:17:38.217491Z", "level": "INFO", "logger": "telegram.ext.Application", "message": "Application started", "module": "_application", "function": "start", "line": 633}
{"timestamp": "2025-11-19T10:17:48.481517Z", "level": "INFO", "logger": "httpx", "message": "HTTP Request: POST https://api.telegram.org/bot***REMOVED_TELEGRAM_TOKEN***/getUpdates \"HTTP/1.1 200 OK\"", "module": "_client", "function": "_send_single_request", "line": 1740}
{"timestamp": "2025-11-19T10:17:52.104329Z", "level": "INFO", "logger": "httpx", "message": "HTTP Request: POST https://api.telegram.org/bot***REMOVED_TELEGRAM_TOKEN***/getUpdates \"HTTP/1.1 200 OK\"", "module": "_client", "function": "_send_single_request", "line": 1740}
{"timestamp": "2025-11-19T10:17:52.433973Z", "level": "INFO", "logger": "httpx", "message": "HTTP Request: POST https://api.telegram.org/bot***REMOVED_TELEGRAM_TOKEN***/sendChatAction \"HTTP/1.1 200 OK\"", "module": "_client", "function": "_send_single_request", "line": 1740}
{"timestamp": "2025-11-19T10:17:56.537992Z", "level": "INFO", "logger": "httpx", "message": "HTTP Request: POST https://api.telegram.org/bot***REMOVED_TELEGRAM_TOKEN***/sendChatAction \"HTTP/1.1 200 OK\"", "module": "_client", "function": "_send_single_request", "line": 1740}
{"timestamp": "2025-11-19T10:18:00.665329Z", "level": "INFO", "logger": "httpx", "message": "HTTP Request: POST https://api.telegram.org/bot***REMOVED_TELEGRAM_TOKEN***/sendChatAction \"HTTP/1.1 200 OK\"", "module": "_client", "function": "_send_single_request", "line": 1740}
{"timestamp": "2025-11-19T10:18:01.276524Z", "level": "INFO", "logger": "sentence_transformers.SentenceTransformer", "message": "Load pretrained SentenceTransformer: sentence-transformers/paraphrase-multilingual-MiniLM-L12-v2", "module": "SentenceTransformer", "function": "__init__", "line": 227}
{"timestamp": "2025-11-19T10:18:02.202108Z", "level": "INFO", "logger": "httpx", "message": "HTTP Request: POST https://api.telegram.org/bot***REMOVED_TELEGRAM_TOKEN***/getUpdates \"HTTP/1.1 200 OK\"", "module": "_client", "function": "_send_single_request", "line": 1740}
{"timestamp": "2025-11-19T10:18:06.188093Z", "level": "INFO", "logger": "httpx", "message": "HTTP Request: POST https://api.telegram.org/bot***REMOVED_TELEGRAM_TOKEN***/sendChatAction \"HTTP/1.1 200 OK\"", "module": "_client", "function": "_send_single_request", "line": 1740}
{"timestamp": "2025-11-19T10:18:06.855997Z", "level": "INFO", "logger": "faiss.loader", "message": "Loading faiss with AVX2 support.", "module": "loader", "function": "<module>", "line": 125}
{"timestamp": "2025-11-19T10:18:06.881565Z", "level": "INFO", "logger": "faiss.loader", "message": "Successfully loaded faiss with AVX2 support.", "module": "loader", "function": "<module>", "line": 127}
{"timestamp": "2025-11-19T10:18:06.909856Z", "level": "INFO", "logger": "faiss", "message": "Failed to load GPU Faiss: name 'GpuIndexIVFFlat' is not defined. Will not load constructor refs for GPU indexes. This is only an error if you're trying to use GPU Faiss.", "module": "__init__", "function": "<module>", "line": 186}
{"timestamp": "2025-11-19T10:18:07.809950Z", "level": "INFO", "logger": "httpx", "message": "HTTP Request: POST https://api.deepseek.com/v1/chat/completions \"HTTP/1.1 200 OK\"", "module": "_client", "function": "_send_single_request", "line": 1025}
{"timestamp": "2025-11-19T10:18:10.325455Z", "level": "INFO", "logger": "httpx", "message": "HTTP Request: POST https://api.telegram.org/bot***REMOVED_TELEGRAM_TOKEN***/sendChatAction \"HTTP/1.1 200 OK\"", "module": "_client", "function": "_send_single_request", "line": 1740}
{"timestamp": "2025-11-19T10:18:12.292766Z", "level": "INFO", "logger": "httpx", "message": "HTTP Request: POST https://api.telegram.org/bot***REMOVED_TELEGRAM_TOKEN***/getUpdates \"HTTP/1.1 200 OK\"", "module": "_client", "function": "_send_single_request", "line": 1740}
{"timestamp": "2025-11-19T10:18:15.085752Z", "level": "INFO", "logger": "httpx", "message": "HTTP Request: POST https://api.telegram.org/bot***REMOVED_TELEGRAM_TOKEN***/sendChatAction \"HTTP/1.1 200 OK\"", "module": "_client", "function": "_send_single_request", "line": 1740}
{"timestamp": "2025-11-19T10:18:17.986804Z", "level": "INFO", "logger": "root", "message": "Query auto-corrected: SELECT \n    item_uniqid as product_id,\n    SUM(amount) as total_quantity,\n    SUM(amount * price) as...", "module": "clickhouse", "function": "auto_correct_table_names", "line": 48}
{"timestamp": "2025-11-19T10:18:17.988310Z", "level": "INFO", "logger": "root", "message": "Executing query: SELECT \n    item_uniqid as product_id,\n    SUM(amount) as total_quantity,\n    SUM(amount * price) as total_revenue,\n    COUNT(DISTINCT order_id) as number_of_orders\nFROM rees46.order_items \nWHERE shop...", "module": "clickhouse", "function": "execute_safe_query", "line": 65}
{"timestamp": "2025-11-19T10:18:18.559040Z", "level": "INFO", "logger": "httpx", "message": "HTTP Request: POST https://api.deepseek.com/v1/chat/completions \"HTTP/1.1 200 OK\"", "module": "_client", "function": "_send_single_request", "line": 1025}
{"timestamp": "2025-11-19T10:18:19.198757Z", "level": "INFO", "logger": "httpx", "message": "HTTP Request: POST https://api.telegram.org/bot***REMOVED_TELEGRAM_TOKEN***/sendChatAction \"HTTP/1.1 200 OK\"", "module": "_client", "function": "_send_single_request", "line": 1740}
{"timestamp": "2025-11-19T10:18:22.383029Z", "level": "INFO", "logger": "httpx", "message": "HTTP Request: POST https://api.telegram.org/bot***REMOVED_TELEGRAM_TOKEN***/getUpdates \"HTTP/1.1 200 OK\"", "module": "_client", "function": "_send_single_request", "line": 1740}
{"timestamp": "2025-11-19T10:18:23.625439Z", "level": "INFO", "logger": "httpx", "message": "HTTP Request: POST https://api.telegram.org/bot***REMOVED_TELEGRAM_TOKEN***/sendChatAction \"HTTP/1.1 200 OK\"", "module": "_client", "function": "_send_single_request", "line": 1740}
{"timestamp": "2025-11-19T10:18:27.736522Z", "level": "INFO", "logger": "httpx", "message": "HTTP Request: POST https://api.telegram.org/bot***REMOVED_TELEGRAM_TOKEN***/sendChatAction \"HTTP/1.1 200 OK\"", "module": "_client", "function": "_send_single_request", "line": 1740}
{"timestamp": "2025-11-19T10:18:31.844919Z", "level": "INFO", "logger": "httpx", "message": "HTTP Request: POST https://api.telegram.org/bot***REMOVED_TELEGRAM_TOKEN***/sendChatAction \"HTTP/1.1 200 OK\"", "module": "_client", "function": "_send_single_request", "line": 1740}
{"timestamp": "2025-11-19T10:18:32.473696Z", "level": "INFO", "logger": "httpx", "message": "HTTP Request: POST https://api.telegram.org/bot***REMOVED_TELEGRAM_TOKEN***/getUpdates \"HTTP/1.1 200 OK\"", "module": "_client", "function": "_send_single_request", "line": 1740}
{"timestamp": "2025-11-19T10:18:35.962532Z", "level": "INFO", "logger": "httpx", "message": "HTTP Request: POST https://api.telegram.org/bot***REMOVED_TELEGRAM_TOKEN***/sendChatAction \"HTTP/1.1 200 OK\"", "module": "_client", "function": "_send_single_request", "line": 1740}
{"timestamp": "2025-11-19T10:18:40.065456Z", "level": "INFO", "logger": "httpx", "message": "HTTP Request: POST https://api.telegram.org/bot***REMOVED_TELEGRAM_TOKEN***/sendChatAction \"HTTP/1.1 200 OK\"", "module": "_client", "function": "_send_single_request", "line": 1740}
{"timestamp": "2025-11-19T10:18:42.565206Z", "level": "INFO", "logger": "httpx", "message": "HTTP Request: POST https://api.telegram.org/bot***REMOVED_TELEGRAM_TOKEN***/getUpdates \"HTTP/1.1 200 OK\"", "module": "_client", "function": "_send_single_request", "line": 1740}
{"timestamp": "2025-11-19T10:18:44.182055Z", "level": "INFO", "logger": "httpx", "message": "HTTP Request: POST https://api.telegram.org/bot***REMOVED_TELEGRAM_TOKEN***/sendChatAction \"HTTP/1.1 200 OK\"", "module": "_client", "function": "_send_single_request", "line": 1740}
{"timestamp": "2025-11-19T10:18:44.493481Z", "level": "INFO", "logger": "httpx", "message": "HTTP Request: POST https://api.deepseek.com/v1/chat/completions \"HTTP/1.1 200 OK\"", "module": "_client", "function": "_send_single_request", "line": 1025}
{"timestamp": "2025-11-19T10:18:48.294799Z", "level": "INFO", "logger": "httpx", "message": "HTTP Request: POST https://api.telegram.org/bot***REMOVED_TELEGRAM_TOKEN***/sendChatAction \"HTTP/1.1 200 OK\"", "module": "_client", "function": "_send_single_request", "line": 1740}
{"timestamp": "2025-11-19T10:18:52.563846Z", "level": "INFO", "logger": "httpx", "message": "HTTP Request: POST https://api.telegram.org/bot***REMOVED_TELEGRAM_TOKEN***/sendChatAction \"HTTP/1.1 200 OK\"", "module": "_client", "function": "_send_single_request", "line": 1740}
{"timestamp": "2025-11-19T10:18:52.655007Z", "level": "INFO", "logger": "httpx", "message": "HTTP Request: POST https://api.telegram.org/bot***REMOVED_TELEGRAM_TOKEN***/getUpdates \"HTTP/1.1 200 OK\"", "module": "_client", "function": "_send_single_request", "line": 1740}
{"timestamp": "2025-11-19T10:18:56.681673Z", "level": "INFO", "logger": "httpx", "message": "HTTP Request: POST https://api.telegram.org/bot***REMOVED_TELEGRAM_TOKEN***/sendChatAction \"HTTP/1.1 200 OK\"", "module": "_client", "function": "_send_single_request", "line": 1740}
{"timestamp": "2025-11-19T10:19:00.789087Z", "level": "INFO", "logger": "httpx", "message": "HTTP Request: POST https://api.telegram.org/bot***REMOVED_TELEGRAM_TOKEN***/sendChatAction \"HTTP/1.1 200 OK\"", "module": "_client", "function": "_send_single_request", "line": 1740}
{"timestamp": "2025-11-19T10:19:02.748167Z", "level": "INFO", "logger": "httpx", "message": "HTTP Request: POST https://api.telegram.org/bot***REMOVED_TELEGRAM_TOKEN***/getUpdates \"HTTP/1.1 200 OK\"", "module": "_client", "function": "_send_single_request", "line": 1740}
{"timestamp": "2025-11-19T10:19:04.916435Z", "level": "INFO", "logger": "httpx", "message": "HTTP Request: POST https://api.telegram.org/bot***REMOVED_TELEGRAM_TOKEN***/sendChatAction \"HTTP/1.1 200 OK\"", "module": "_client", "function": "_send_single_request", "line": 1740}
{"timestamp": "2025-11-19T10:19:09.022334Z", "level": "INFO", "logger": "httpx", "message": "HTTP Request: POST https://api.telegram.org/bot***REMOVED_TELEGRAM_TOKEN***/sendChatAction \"HTTP/1.1 200 OK\"", "module": "_client", "function": "_send_single_request", "line": 1740}
{"timestamp": "2025-11-19T10:19:09.226728Z", "level": "INFO", "logger": "httpx", "message": "HTTP Request: POST https://api.telegram.org/bot***REMOVED_TELEGRAM_TOKEN***/sendMessage \"HTTP/1.1 200 OK\"", "module": "_client", "function": "_send_single_request", "line": 1740}
{"timestamp": "2025-11-19T10:19:12.837530Z", "level": "INFO", "logger": "httpx", "message": "HTTP Request: POST https://api.telegram.org/bot***REMOVED_TELEGRAM_TOKEN***/getUpdates \"HTTP/1.1 200 OK\"", "module": "_client", "function": "_send_single_request", "line": 1740}
{"timestamp": "2025-11-19T10:19:22.928150Z", "level": "INFO", "logger": "httpx", "message": "HTTP Request: POST https://api.telegram.org/bot***REMOVED_TELEGRAM_TOKEN***/getUpdates \"HTTP/1.1 200 OK\"", "module": "_client", "function": "_send_single_request", "line": 1740}
{"timestamp": "2025-11-19T10:19:33.017561Z", "level": "INFO", "logger": "httpx", "message": "HTTP Request: POST https://api.telegram.org/bot***REMOVED_TELEGRAM_TOKEN***/getUpdates \"HTTP/1.1 200 OK\"", "module": "_client", "function": "_send_single_request", "line": 1740}
{"timestamp": "2025-11-19T10:19:43.108838Z", "level": "INFO", "logger": "httpx", "message": "HTTP Request: POST https://api.telegram.org/bot***REMOVED_TELEGRAM_TOKEN***/getUpdates \"HTTP/1.1 200 OK\"", "module": "_client", "function": "_send_single_request", "line": 1740}
{"timestamp": "2025-11-19T10:19:53.201565Z", "level": "INFO", "logger": "httpx", "message": "HTTP Request: POST https://api.telegram.org/bot***REMOVED_TELEGRAM_TOKEN***/getUpdates \"HTTP/1.1 200 OK\"", "module": "_client", "function": "_send_single_request", "line": 1740}
{"timestamp": "2025-11-19T10:20:03.292681Z", "level": "INFO", "logger": "httpx", "message": "HTTP Request: POST https://api.telegram.org/bot***REMOVED_TELEGRAM_TOKEN***/getUpdates \"HTTP/1.1 200 OK\"", "module": "_client", "function": "_send_single_request", "line": 1740}
{"timestamp": "2025-11-19T10:20:13.382444Z", "level": "INFO", "logger": "httpx", "message": "HTTP Request: POST https://api.telegram.org/bot***REMOVED_TELEGRAM_TOKEN***/getUpdates \"HTTP/1.1 200 OK\"", "module": "_client", "function": "_send_single_request", "line": 1740}
{"timestamp": "2025-11-19T10:20:23.473664Z", "level": "INFO", "logger": "httpx", "message": "HTTP Request: POST https://api.telegram.org/bot***REMOVED_TELEGRAM_TOKEN***/getUpdates \"HTTP/1.1 200 OK\"", "module": "_client", "function": "_send_single_request", "line": 1740}
{"timestamp": "2025-11-19T10:20:33.568285Z", "level": "INFO", "logger": "httpx", "message": "HTTP Request: POST https://api.telegram.org/bot***REMOVED_TELEGRAM_TOKEN***/getUpdates \"HTTP/1.1 200 OK\"", "module": "_client", "function": "_send_single_request", "line": 1740}
{"timestamp": "2025-11-19T10:20:43.658347Z", "level": "INFO", "logger": "httpx", "message": "HTTP Request: POST https://api.telegram.org/bot***REMOVED_TELEGRAM_TOKEN***/getUpdates \"HTTP/1.1 200 OK\"", "module": "_client", "function": "_send_single_request", "line": 1740}
{"timestamp": "2025-11-19T10:20:53.749599Z", "level": "INFO", "logger": "httpx", "message": "HTTP Request: POST https://api.telegram.org/bot***REMOVED_TELEGRAM_TOKEN***/getUpdates \"HTTP/1.1 200 OK\"", "module": "_client", "function": "_send_single_request", "line": 1740}
{"timestamp": "2025-11-19T10:21:03.840140Z", "level": "INFO", "logger": "httpx", "message": "HTTP Request: POST https://api.telegram.org/bot***REMOVED_TELEGRAM_TOKEN***/getUpdates \"HTTP/1.1 200 OK\"", "module": "_client", "function": "_send_single_request", "line": 1740}
{"timestamp": "2025-11-19T10:21:13.934453Z", "level": "INFO", "logger": "httpx", "message": "HTTP Request: POST https://api.telegram.org/bot***REMOVED_TELEGRAM_TOKEN***/getUpdates \"HTTP/1.1 200 OK\"", "module": "_client", "function": "_send_single_request", "line": 1740}
{"timestamp": "2025-11-19T10:21:24.029522Z", "level": "INFO", "logger": "httpx", "message": "HTTP Request: POST https://api.telegram.org/bot***REMOVED_TELEGRAM_TOKEN***/getUpdates \"HTTP/1.1 200 OK\"", "module": "_client", "function": "_send_single_request", "line": 1740}
{"timestamp": "2025-11-19T10:21:34.120038Z", "level": "INFO", "logger": "httpx", "message": "HTTP Request: POST https://api.telegram.org/bot***REMOVED_TELEGRAM_TOKEN***/getUpdates \"HTTP/1.1 200 OK\"", "module": "_client", "function": "_send_single_request", "line": 1740}
{"timestamp": "2025-11-19T10:21:44.209233Z", "level": "INFO", "logger": "httpx", "message": "HTTP Request: POST https://api.telegram.org/bot***REMOVED_TELEGRAM_TOKEN***/getUpdates \"HTTP/1.1 200 OK\"", "module": "_client", "function": "_send_single_request", "line": 1740}
{"timestamp": "2025-11-19T10:21:54.299699Z", "level": "INFO", "logger": "httpx", "message": "HTTP Request: POST https://api.telegram.org/bot***REMOVED_TELEGRAM_TOKEN***/getUpdates \"HTTP/1.1 200 OK\"", "module": "_client", "function": "_send_single_request", "line": 1740}
{"timestamp": "2025-11-19T10:22:04.391574Z", "level": "INFO", "logger": "httpx", "message": "HTTP Request: POST https://api.telegram.org/bot***REMOVED_TELEGRAM_TOKEN***/getUpdates \"HTTP/1.1 200 OK\"", "module": "_client", "function": "_send_single_request", "line": 1740}
{"timestamp": "2025-11-19T10:22:14.481377Z", "level": "INFO", "logger": "httpx", "message": "HTTP Request: POST https://api.telegram.org/bot***REMOVED_TELEGRAM_TOKEN***/getUpdates \"HTTP/1.1 200 OK\"", "module": "_client", "function": "_send_single_request", "line": 1740}
{"timestamp": "2025-11-19T10:22:24.571446Z", "level": "INFO", "logger": "httpx", "message": "HTTP Request: POST https://api.telegram.org/bot***REMOVED_TELEGRAM_TOKEN***/getUpdates \"HTTP/1.1 200 OK\"", "module": "_client", "function": "_send_single_request", "line": 1740}
{"timestamp": "2025-11-19T10:22:34.660562Z", "level": "INFO", "logger": "httpx", "message": "HTTP Request: POST https://api.telegram.org/bot***REMOVED_TELEGRAM_TOKEN***/getUpdates \"HTTP/1.1 200 OK\"", "module": "_client", "function": "_send_single_request", "line": 1740}
{"timestamp": "2025-11-19T10:22:44.750168Z", "level": "INFO", "logger": "httpx", "message": "HTTP Request: POST https://api.telegram.org/bot***REMOVED_TELEGRAM_TOKEN***/getUpdates \"HTTP/1.1 200 OK\"", "module": "_client", "function": "_send_single_request", "line": 1740}
{"timestamp": "2025-11-19T10:22:54.850064Z", "level": "INFO", "logger": "httpx", "message": "HTTP Request: POST https://api.telegram.org/bot***REMOVED_TELEGRAM_TOKEN***/getUpdates \"HTTP/1.1 200 OK\"", "module": "_client", "function": "_send_single_request", "line": 1740}
{"timestamp": "2025-11-19T10:23:03.693451Z", "level": "INFO", "logger": "httpx", "message": "HTTP Request: POST https://api.telegram.org/bot***REMOVED_TELEGRAM_TOKEN***/getUpdates \"HTTP/1.1 200 OK\"", "module": "_client", "function": "_send_single_request", "line": 1740}
{"timestamp": "2025-11-19T10:23:03.695969Z", "level": "INFO", "logger": "telegram.ext.Application", "message": "Application is stopping. This might take a moment.", "module": "_application", "function": "stop", "line": 667}
{"timestamp": "2025-11-19T10:23:03.695969Z", "level": "INFO", "logger": "telegram.ext.Application", "message": "Application.stop() complete", "module": "_application", "function": "stop", "line": 703}
{"timestamp": "2025-11-20T05:25:04.885483Z", "level": "WARNING", "logger": "urllib3.connectionpool", "message": "Retrying (Retry(total=0, connect=None, read=None, redirect=0, status=None)) after connection broken by 'ConnectTimeoutError(<urllib3.connection.HTTPConnection object at 0x0000024C9122B880>, 'Connection to 10.2.1.11 timed out. (connect timeout=10)')': /?", "module": "connectionpool", "function": "urlopen", "line": 868}
{"timestamp": "2025-11-20T05:25:04.962004Z", "level": "WARNING", "logger": "clickhouse_connect.driver.httpclient", "message": "Unexpected Http Driver Exception", "module": "httpclient", "function": "_raw_request", "line": 466}
{"timestamp": "2025-11-20T05:25:04.969307Z", "level": "ERROR", "logger": "root", "message": "ClickHouse connection failed: Error HTTPConnectionPool(host='10.2.1.11', port=8123): Max retries exceeded with url: /? (Caused by NewConnectionError('<urllib3.connection.HTTPConnection object at 0x0000024C9122BA60>: Failed to establish a new connection: [WinError 10053] Программа на вашем хост-компьютере разорвала установленное подключение')) executing HTTP request attempt 1 (http://10.2.1.11:8123)", "module": "clickhouse", "function": "_connect", "line": 24}
{"timestamp": "2025-11-20T05:25:36.170104Z", "level": "INFO", "logger": "root", "message": "Successfully connected to ClickHouse", "module": "clickhouse", "function": "_connect", "line": 21}
{"timestamp": "2025-11-20T05:25:37.484705Z", "level": "INFO", "logger": "root", "message": "Loaded 2 allowed users from allowed_users.json", "module": "security", "function": "_load_allowed_users", "line": 46}
{"timestamp": "2025-11-20T05:25:37.588787Z", "level": "INFO", "logger": "root", "message": "Starting AI Analyst bot...", "module": "main", "function": "main", "line": 19}
{"timestamp": "2025-11-20T05:25:38.016561Z", "level": "INFO", "logger": "httpx", "message": "HTTP Request: POST https://api.telegram.org/bot***REMOVED_TELEGRAM_TOKEN***/getMe \"HTTP/1.1 200 OK\"", "module": "_client", "function": "_send_single_request", "line": 1740}
{"timestamp": "2025-11-20T05:25:38.115097Z", "level": "INFO", "logger": "httpx", "message": "HTTP Request: POST https://api.telegram.org/bot***REMOVED_TELEGRAM_TOKEN***/deleteWebhook \"HTTP/1.1 200 OK\"", "module": "_client", "function": "_send_single_request", "line": 1740}
{"timestamp": "2025-11-20T05:25:38.117196Z", "level": "INFO", "logger": "telegram.ext.Application", "message": "Application started", "module": "_application", "function": "start", "line": 633}
{"timestamp": "2025-11-20T05:25:48.416026Z", "level": "INFO", "logger": "httpx", "message": "HTTP Request: POST https://api.telegram.org/bot***REMOVED_TELEGRAM_TOKEN***/getUpdates \"HTTP/1.1 200 OK\"", "module": "_client", "function": "_send_single_request", "line": 1740}
{"timestamp": "2025-11-20T05:25:58.514050Z", "level": "INFO", "logger": "httpx", "message": "HTTP Request: POST https://api.telegram.org/bot***REMOVED_TELEGRAM_TOKEN***/getUpdates \"HTTP/1.1 200 OK\"", "module": "_client", "function": "_send_single_request", "line": 1740}
{"timestamp": "2025-11-20T05:26:08.612204Z", "level": "INFO", "logger": "httpx", "message": "HTTP Request: POST https://api.telegram.org/bot***REMOVED_TELEGRAM_TOKEN***/getUpdates \"HTTP/1.1 200 OK\"", "module": "_client", "function": "_send_single_request", "line": 1740}
{"timestamp": "2025-11-20T05:26:18.711898Z", "level": "INFO", "logger": "httpx", "message": "HTTP Request: POST https://api.telegram.org/bot***REMOVED_TELEGRAM_TOKEN***/getUpdates \"HTTP/1.1 200 OK\"", "module": "_client", "function": "_send_single_request", "line": 1740}
{"timestamp": "2025-11-20T05:26:28.810024Z", "level": "INFO", "logger": "httpx", "message": "HTTP Request: POST https://api.telegram.org/bot***REMOVED_TELEGRAM_TOKEN***/getUpdates \"HTTP/1.1 200 OK\"", "module": "_client", "function": "_send_single_request", "line": 1740}
{"timestamp": "2025-11-20T05:26:38.907891Z", "level": "INFO", "logger": "httpx", "message": "HTTP Request: POST https://api.telegram.org/bot***REMOVED_TELEGRAM_TOKEN***/getUpdates \"HTTP/1.1 200 OK\"", "module": "_client", "function": "_send_single_request", "line": 1740}
{"timestamp": "2025-11-20T05:26:49.005499Z", "level": "INFO", "logger": "httpx", "message": "HTTP Request: POST https://api.telegram.org/bot***REMOVED_TELEGRAM_TOKEN***/getUpdates \"HTTP/1.1 200 OK\"", "module": "_client", "function": "_send_single_request", "line": 1740}
{"timestamp": "2025-11-20T05:26:52.750028Z", "level": "INFO", "logger": "httpx", "message": "HTTP Request: POST https://api.telegram.org/bot***REMOVED_TELEGRAM_TOKEN***/getUpdates \"HTTP/1.1 200 OK\"", "module": "_client", "function": "_send_single_request", "line": 1740}
{"timestamp": "2025-11-20T05:26:53.066745Z", "level": "INFO", "logger": "httpx", "message": "HTTP Request: POST https://api.telegram.org/bot***REMOVED_TELEGRAM_TOKEN***/sendChatAction \"HTTP/1.1 200 OK\"", "module": "_client", "function": "_send_single_request", "line": 1740}
{"timestamp": "2025-11-20T05:26:57.285036Z", "level": "INFO", "logger": "httpx", "message": "HTTP Request: POST https://api.telegram.org/bot***REMOVED_TELEGRAM_TOKEN***/sendChatAction \"HTTP/1.1 200 OK\"", "module": "_client", "function": "_send_single_request", "line": 1740}
{"timestamp": "2025-11-20T05:27:01.402239Z", "level": "INFO", "logger": "httpx", "message": "HTTP Request: POST https://api.telegram.org/bot***REMOVED_TELEGRAM_TOKEN***/sendChatAction \"HTTP/1.1 200 OK\"", "module": "_client", "function": "_send_single_request", "line": 1740}
{"timestamp": "2025-11-20T05:27:02.855103Z", "level": "INFO", "logger": "httpx", "message": "HTTP Request: POST https://api.telegram.org/bot***REMOVED_TELEGRAM_TOKEN***/getUpdates \"HTTP/1.1 200 OK\"", "module": "_client", "function": "_send_single_request", "line": 1740}
{"timestamp": "2025-11-20T05:27:05.513017Z", "level": "INFO", "logger": "httpx", "message": "HTTP Request: POST https://api.telegram.org/bot***REMOVED_TELEGRAM_TOKEN***/sendChatAction \"HTTP/1.1 200 OK\"", "module": "_client", "function": "_send_single_request", "line": 1740}
{"timestamp": "2025-11-20T05:27:09.655408Z", "level": "INFO", "logger": "httpx", "message": "HTTP Request: POST https://api.telegram.org/bot***REMOVED_TELEGRAM_TOKEN***/sendChatAction \"HTTP/1.1 200 OK\"", "module": "_client", "function": "_send_single_request", "line": 1740}
{"timestamp": "2025-11-20T05:27:12.954284Z", "level": "INFO", "logger": "httpx", "message": "HTTP Request: POST https://api.telegram.org/bot***REMOVED_TELEGRAM_TOKEN***/getUpdates \"HTTP/1.1 200 OK\"", "module": "_client", "function": "_send_single_request", "line": 1740}
{"timestamp": "2025-11-20T05:27:13.775228Z", "level": "INFO", "logger": "httpx", "message": "HTTP Request: POST https://api.telegram.org/bot***REMOVED_TELEGRAM_TOKEN***/sendChatAction \"HTTP/1.1 200 OK\"", "module": "_client", "function": "_send_single_request", "line": 1740}
{"timestamp": "2025-11-20T05:27:17.888784Z", "level": "INFO", "logger": "httpx", "message": "HTTP Request: POST https://api.telegram.org/bot***REMOVED_TELEGRAM_TOKEN***/sendChatAction \"HTTP/1.1 200 OK\"", "module": "_client", "function": "_send_single_request", "line": 1740}
{"timestamp": "2025-11-20T05:27:21.997700Z", "level": "INFO", "logger": "httpx", "message": "HTTP Request: POST https://api.telegram.org/bot***REMOVED_TELEGRAM_TOKEN***/sendChatAction \"HTTP/1.1 200 OK\"", "module": "_client", "function": "_send_single_request", "line": 1740}
{"timestamp": "2025-11-20T05:27:23.052810Z", "level": "INFO", "logger": "httpx", "message": "HTTP Request: POST https://api.telegram.org/bot***REMOVED_TELEGRAM_TOKEN***/getUpdates \"HTTP/1.1 200 OK\"", "module": "_client", "function": "_send_single_request", "line": 1740}
{"timestamp": "2025-11-20T05:27:26.158492Z", "level": "INFO", "logger": "httpx", "message": "HTTP Request: POST https://api.telegram.org/bot***REMOVED_TELEGRAM_TOKEN***/sendChatAction \"HTTP/1.1 200 OK\"", "module": "_client", "function": "_send_single_request", "line": 1740}
{"timestamp": "2025-11-20T05:27:30.279175Z", "level": "INFO", "logger": "httpx", "message": "HTTP Request: POST https://api.telegram.org/bot***REMOVED_TELEGRAM_TOKEN***/sendChatAction \"HTTP/1.1 200 OK\"", "module": "_client", "function": "_send_single_request", "line": 1740}
{"timestamp": "2025-11-20T05:27:32.938380Z", "level": "INFO", "logger": "sentence_transformers.SentenceTransformer", "message": "Load pretrained SentenceTransformer: sentence-transformers/paraphrase-multilingual-MiniLM-L12-v2", "module": "SentenceTransformer", "function": "__init__", "line": 227}
{"timestamp": "2025-11-20T05:27:33.151511Z", "level": "INFO", "logger": "httpx", "message": "HTTP Request: POST https://api.telegram.org/bot***REMOVED_TELEGRAM_TOKEN***/getUpdates \"HTTP/1.1 200 OK\"", "module": "_client", "function": "_send_single_request", "line": 1740}
{"timestamp": "2025-11-20T05:27:34.524293Z", "level": "INFO", "logger": "httpx", "message": "HTTP Request: POST https://api.telegram.org/bot***REMOVED_TELEGRAM_TOKEN***/sendChatAction \"HTTP/1.1 200 OK\"", "module": "_client", "function": "_send_single_request", "line": 1740}
{"timestamp": "2025-11-20T05:27:38.634537Z", "level": "INFO", "logger": "httpx", "message": "HTTP Request: POST https://api.telegram.org/bot***REMOVED_TELEGRAM_TOKEN***/sendChatAction \"HTTP/1.1 200 OK\"", "module": "_client", "function": "_send_single_request", "line": 1740}
{"timestamp": "2025-11-20T05:27:39.399149Z", "level": "INFO", "logger": "faiss.loader", "message": "Loading faiss with AVX2 support.", "module": "loader", "function": "<module>", "line": 125}
{"timestamp": "2025-11-20T05:27:39.787155Z", "level": "INFO", "logger": "faiss.loader", "message": "Successfully loaded faiss with AVX2 support.", "module": "loader", "function": "<module>", "line": 127}
{"timestamp": "2025-11-20T05:27:39.797772Z", "level": "INFO", "logger": "faiss", "message": "Failed to load GPU Faiss: name 'GpuIndexIVFFlat' is not defined. Will not load constructor refs for GPU indexes. This is only an error if you're trying to use GPU Faiss.", "module": "__init__", "function": "<module>", "line": 186}
{"timestamp": "2025-11-20T05:27:40.658474Z", "level": "INFO", "logger": "httpx", "message": "HTTP Request: POST https://api.deepseek.com/v1/chat/completions \"HTTP/1.1 200 OK\"", "module": "_client", "function": "_send_single_request", "line": 1025}
{"timestamp": "2025-11-20T05:27:42.737042Z", "level": "INFO", "logger": "httpx", "message": "HTTP Request: POST https://api.telegram.org/bot***REMOVED_TELEGRAM_TOKEN***/sendChatAction \"HTTP/1.1 200 OK\"", "module": "_client", "function": "_send_single_request", "line": 1740}
{"timestamp": "2025-11-20T05:27:43.251040Z", "level": "INFO", "logger": "httpx", "message": "HTTP Request: POST https://api.telegram.org/bot***REMOVED_TELEGRAM_TOKEN***/getUpdates \"HTTP/1.1 200 OK\"", "module": "_client", "function": "_send_single_request", "line": 1740}
{"timestamp": "2025-11-20T05:27:46.645832Z", "level": "INFO", "logger": "sentence_transformers.SentenceTransformer", "message": "Load pretrained SentenceTransformer: sentence-transformers/paraphrase-multilingual-MiniLM-L12-v2", "module": "SentenceTransformer", "function": "__init__", "line": 227}
{"timestamp": "2025-11-20T05:27:46.842918Z", "level": "INFO", "logger": "httpx", "message": "HTTP Request: POST https://api.telegram.org/bot***REMOVED_TELEGRAM_TOKEN***/sendChatAction \"HTTP/1.1 200 OK\"", "module": "_client", "function": "_send_single_request", "line": 1740}
{"timestamp": "2025-11-20T05:27:51.744485Z", "level": "INFO", "logger": "httpx", "message": "HTTP Request: POST https://api.telegram.org/bot***REMOVED_TELEGRAM_TOKEN***/sendChatAction \"HTTP/1.1 200 OK\"", "module": "_client", "function": "_send_single_request", "line": 1740}
{"timestamp": "2025-11-20T05:27:53.041445Z", "level": "INFO", "logger": "httpx", "message": "HTTP Request: POST https://api.deepseek.com/v1/chat/completions \"HTTP/1.1 200 OK\"", "module": "_client", "function": "_send_single_request", "line": 1025}
{"timestamp": "2025-11-20T05:27:53.347852Z", "level": "INFO", "logger": "httpx", "message": "HTTP Request: POST https://api.telegram.org/bot***REMOVED_TELEGRAM_TOKEN***/getUpdates \"HTTP/1.1 200 OK\"", "module": "_client", "function": "_send_single_request", "line": 1740}
{"timestamp": "2025-11-20T05:27:55.846871Z", "level": "INFO", "logger": "httpx", "message": "HTTP Request: POST https://api.telegram.org/bot***REMOVED_TELEGRAM_TOKEN***/sendChatAction \"HTTP/1.1 200 OK\"", "module": "_client", "function": "_send_single_request", "line": 1740}
{"timestamp": "2025-11-20T05:27:56.684894Z", "level": "INFO", "logger": "root", "message": "Query auto-corrected: SELECT DISTINCT event FROM story_events WHERE shop_id = 1464 LIMIT 20...", "module": "clickhouse", "function": "auto_correct_table_names", "line": 48}
{"timestamp": "2025-11-20T05:27:56.685962Z", "level": "INFO", "logger": "root", "message": "Executing query: SELECT DISTINCT event FROM rees46.story_events WHERE shop_id = 1464 LIMIT 20...", "module": "clickhouse", "function": "execute_safe_query", "line": 65}
{"timestamp": "2025-11-20T05:27:57.472856Z", "level": "INFO", "logger": "httpx", "message": "HTTP Request: POST https://api.deepseek.com/v1/chat/completions \"HTTP/1.1 200 OK\"", "module": "_client", "function": "_send_single_request", "line": 1025}
{"timestamp": "2025-11-20T05:27:59.961292Z", "level": "INFO", "logger": "httpx", "message": "HTTP Request: POST https://api.telegram.org/bot***REMOVED_TELEGRAM_TOKEN***/sendChatAction \"HTTP/1.1 200 OK\"", "module": "_client", "function": "_send_single_request", "line": 1740}
{"timestamp": "2025-11-20T05:28:03.446017Z", "level": "INFO", "logger": "httpx", "message": "HTTP Request: POST https://api.telegram.org/bot***REMOVED_TELEGRAM_TOKEN***/getUpdates \"HTTP/1.1 200 OK\"", "module": "_client", "function": "_send_single_request", "line": 1740}
{"timestamp": "2025-11-20T05:28:04.107977Z", "level": "INFO", "logger": "httpx", "message": "HTTP Request: POST https://api.telegram.org/bot***REMOVED_TELEGRAM_TOKEN***/sendChatAction \"HTTP/1.1 200 OK\"", "module": "_client", "function": "_send_single_request", "line": 1740}
{"timestamp": "2025-11-20T05:28:08.183836Z", "level": "INFO", "logger": "root", "message": "Query auto-corrected: SELECT \n    COUNT(DISTINCT s.client_id) as unique_viewers,\n    COUNT(DISTINCT o.client_id) as buyers...", "module": "clickhouse", "function": "auto_correct_table_names", "line": 48}
{"timestamp": "2025-11-20T05:28:08.184835Z", "level": "INFO", "logger": "root", "message": "Executing query: SELECT \n    COUNT(DISTINCT s.client_id) as unique_viewers,\n    COUNT(DISTINCT o.client_id) as buyers_from_stories,\n    ROUND(COUNT(DISTINCT o.client_id) * 100.0 / COUNT(DISTINCT s.client_id), 2) as co...", "module": "clickhouse", "function": "execute_safe_query", "line": 65}
{"timestamp": "2025-11-20T05:28:08.220858Z", "level": "INFO", "logger": "httpx", "message": "HTTP Request: POST https://api.telegram.org/bot***REMOVED_TELEGRAM_TOKEN***/sendChatAction \"HTTP/1.1 200 OK\"", "module": "_client", "function": "_send_single_request", "line": 1740}
{"timestamp": "2025-11-20T05:28:10.611835Z", "level": "INFO", "logger": "httpx", "message": "HTTP Request: POST https://api.deepseek.com/v1/chat/completions \"HTTP/1.1 200 OK\"", "module": "_client", "function": "_send_single_request", "line": 1025}
{"timestamp": "2025-11-20T05:28:12.377017Z", "level": "INFO", "logger": "httpx", "message": "HTTP Request: POST https://api.telegram.org/bot***REMOVED_TELEGRAM_TOKEN***/sendChatAction \"HTTP/1.1 200 OK\"", "module": "_client", "function": "_send_single_request", "line": 1740}
{"timestamp": "2025-11-20T05:28:13.545102Z", "level": "INFO", "logger": "httpx", "message": "HTTP Request: POST https://api.telegram.org/bot***REMOVED_TELEGRAM_TOKEN***/getUpdates \"HTTP/1.1 200 OK\"", "module": "_client", "function": "_send_single_request", "line": 1740}
{"timestamp": "2025-11-20T05:28:16.493787Z", "level": "INFO", "logger": "httpx", "message": "HTTP Request: POST https://api.telegram.org/bot***REMOVED_TELEGRAM_TOKEN***/sendChatAction \"HTTP/1.1 200 OK\"", "module": "_client", "function": "_send_single_request", "line": 1740}
{"timestamp": "2025-11-20T05:28:20.621872Z", "level": "INFO", "logger": "httpx", "message": "HTTP Request: POST https://api.telegram.org/bot***REMOVED_TELEGRAM_TOKEN***/sendChatAction \"HTTP/1.1 200 OK\"", "module": "_client", "function": "_send_single_request", "line": 1740}
{"timestamp": "2025-11-20T05:28:23.643121Z", "level": "INFO", "logger": "httpx", "message": "HTTP Request: POST https://api.telegram.org/bot***REMOVED_TELEGRAM_TOKEN***/getUpdates \"HTTP/1.1 200 OK\"", "module": "_client", "function": "_send_single_request", "line": 1740}
{"timestamp": "2025-11-20T05:28:24.777794Z", "level": "INFO", "logger": "httpx", "message": "HTTP Request: POST https://api.telegram.org/bot***REMOVED_TELEGRAM_TOKEN***/sendChatAction \"HTTP/1.1 200 OK\"", "module": "_client", "function": "_send_single_request", "line": 1740}
{"timestamp": "2025-11-20T05:28:28.938966Z", "level": "INFO", "logger": "httpx", "message": "HTTP Request: POST https://api.telegram.org/bot***REMOVED_TELEGRAM_TOKEN***/sendChatAction \"HTTP/1.1 200 OK\"", "module": "_client", "function": "_send_single_request", "line": 1740}
{"timestamp": "2025-11-20T05:28:31.461174Z", "level": "INFO", "logger": "httpx", "message": "HTTP Request: POST https://api.deepseek.com/v1/chat/completions \"HTTP/1.1 200 OK\"", "module": "_client", "function": "_send_single_request", "line": 1025}
{"timestamp": "2025-11-20T05:28:33.068232Z", "level": "INFO", "logger": "httpx", "message": "HTTP Request: POST https://api.telegram.org/bot***REMOVED_TELEGRAM_TOKEN***/sendChatAction \"HTTP/1.1 200 OK\"", "module": "_client", "function": "_send_single_request", "line": 1740}
{"timestamp": "2025-11-20T05:28:33.741377Z", "level": "INFO", "logger": "httpx", "message": "HTTP Request: POST https://api.telegram.org/bot***REMOVED_TELEGRAM_TOKEN***/getUpdates \"HTTP/1.1 200 OK\"", "module": "_client", "function": "_send_single_request", "line": 1740}
{"timestamp": "2025-11-20T05:28:37.177462Z", "level": "INFO", "logger": "httpx", "message": "HTTP Request: POST https://api.telegram.org/bot***REMOVED_TELEGRAM_TOKEN***/sendChatAction \"HTTP/1.1 200 OK\"", "module": "_client", "function": "_send_single_request", "line": 1740}
{"timestamp": "2025-11-20T05:28:41.304357Z", "level": "INFO", "logger": "httpx", "message": "HTTP Request: POST https://api.telegram.org/bot***REMOVED_TELEGRAM_TOKEN***/sendChatAction \"HTTP/1.1 200 OK\"", "module": "_client", "function": "_send_single_request", "line": 1740}
{"timestamp": "2025-11-20T05:28:43.838910Z", "level": "INFO", "logger": "httpx", "message": "HTTP Request: POST https://api.telegram.org/bot***REMOVED_TELEGRAM_TOKEN***/getUpdates \"HTTP/1.1 200 OK\"", "module": "_client", "function": "_send_single_request", "line": 1740}
{"timestamp": "2025-11-20T05:28:45.409611Z", "level": "INFO", "logger": "httpx", "message": "HTTP Request: POST https://api.telegram.org/bot***REMOVED_TELEGRAM_TOKEN***/sendChatAction \"HTTP/1.1 200 OK\"", "module": "_client", "function": "_send_single_request", "line": 1740}
{"timestamp": "2025-11-20T05:28:49.532126Z", "level": "INFO", "logger": "httpx", "message": "HTTP Request: POST https://api.telegram.org/bot***REMOVED_TELEGRAM_TOKEN***/sendChatAction \"HTTP/1.1 200 OK\"", "module": "_client", "function": "_send_single_request", "line": 1740}
{"timestamp": "2025-11-20T05:28:53.641792Z", "level": "INFO", "logger": "httpx", "message": "HTTP Request: POST https://api.telegram.org/bot***REMOVED_TELEGRAM_TOKEN***/sendChatAction \"HTTP/1.1 200 OK\"", "module": "_client", "function": "_send_single_request", "line": 1740}
{"timestamp": "2025-11-20T05:28:53.938972Z", "level": "INFO", "logger": "httpx", "message": "HTTP Request: POST https://api.telegram.org/bot***REMOVED_TELEGRAM_TOKEN***/getUpdates \"HTTP/1.1 200 OK\"", "module": "_client", "function": "_send_single_request", "line": 1740}
{"timestamp": "2025-11-20T05:28:57.751933Z", "level": "INFO", "logger": "httpx", "message": "HTTP Request: POST https://api.telegram.org/bot***REMOVED_TELEGRAM_TOKEN***/sendChatAction \"HTTP/1.1 200 OK\"", "module": "_client", "function": "_send_single_request", "line": 1740}
{"timestamp": "2025-11-20T05:28:58.443521Z", "level": "INFO", "logger": "httpx", "message": "HTTP Request: POST https://api.telegram.org/bot***REMOVED_TELEGRAM_TOKEN***/sendMessage \"HTTP/1.1 200 OK\"", "module": "_client", "function": "_send_single_request", "line": 1740}
{"timestamp": "2025-11-20T05:29:04.037269Z", "level": "INFO", "logger": "httpx", "message": "HTTP Request: POST https://api.telegram.org/bot***REMOVED_TELEGRAM_TOKEN***/getUpdates \"HTTP/1.1 200 OK\"", "module": "_client", "function": "_send_single_request", "line": 1740}
{"timestamp": "2025-11-20T05:29:14.135414Z", "level": "INFO", "logger": "httpx", "message": "HTTP Request: POST https://api.telegram.org/bot***REMOVED_TELEGRAM_TOKEN***/getUpdates \"HTTP/1.1 200 OK\"", "module": "_client", "function": "_send_single_request", "line": 1740}
{"timestamp": "2025-11-20T05:29:24.233345Z", "level": "INFO", "logger": "httpx", "message": "HTTP Request: POST https://api.telegram.org/bot***REMOVED_TELEGRAM_TOKEN***/getUpdates \"HTTP/1.1 200 OK\"", "module": "_client", "function": "_send_single_request", "line": 1740}
{"timestamp": "2025-11-20T05:29:34.331782Z", "level": "INFO", "logger": "httpx", "message": "HTTP Request: POST https://api.telegram.org/bot***REMOVED_TELEGRAM_TOKEN***/getUpdates \"HTTP/1.1 200 OK\"", "module": "_client", "function": "_send_single_request", "line": 1740}
{"timestamp": "2025-11-20T05:29:44.243242Z", "level": "INFO", "logger": "httpx", "message": "HTTP Request: POST https://api.telegram.org/bot***REMOVED_TELEGRAM_TOKEN***/getUpdates \"HTTP/1.1 200 OK\"", "module": "_client", "function": "_send_single_request", "line": 1740}
{"timestamp": "2025-11-20T05:29:44.244241Z", "level": "INFO", "logger": "telegram.ext.Application", "message": "Application is stopping. This might take a moment.", "module": "_application", "function": "stop", "line": 667}
{"timestamp": "2025-11-20T05:29:44.245220Z", "level": "INFO", "logger": "telegram.ext.Application", "message": "Application.stop() complete", "module": "_application", "function": "stop", "line": 703}
